일련번호,시도명,시군구명,대피지구명,대피장소명,주소,경도,위도,수용가능인원수(명),해변으로부터거리(M),대피소 분류명,내진적용여부,해발높이,관리기관,관리기관연락처
1,강원도,강릉시,강문,강릉고등학교,강원도 강릉시강릉대로587번길 68,128.91686,37.787813,8600,550,공공건축물,2등급,6,42150,033-640-5527
2,강원도,강릉시,강문,강릉교회,강원도 강릉시해안로 333,128.916247,37.793313,3600,100,민간건축물,2등급,6,42150,033-640-5526
3,강원도,강릉시,경포,경포산장콘도,강원도 강릉시안현동 50-2,128.900098,37.809654,800,300,민간건축물,1등급,22.9,42150,033-640-5523
5,강원도,강릉시,경포,현대아파트 앞 야산,강원도 강릉시저동 산10,128.899588,37.801328,1000,800,공터,-,10,42150,033-640-5525
6,강원도,강릉시,남항진,세인트컨벤션웨딩홀,강원도 강릉시공항길127번길 5-3,128.949709,37.765126,1000,250,민간건축물,2등급,12,42150,033-640-5528
7,강원도,강릉시,동덕,강릉원주대학 해양생물연구교육센터,강원도 강릉시사천면 해안로 1166,128.862171,37.850557,5900,150,민간건축물,1등급,7,42150,033-640-5520
8,강원도,강릉시,사천뒷불,장구바위 야산,강원도 강릉시사천면 사천진리 266-25,128.875957,37.840727,300,420,공터,-,10,42150,033-640-5521
9,강원도,강릉시,사천뒷불,강릉성결교회 부설 진리수양관,강원도 강릉시사천면 사천진리 산72-1,128.868683,37.841737,280,1100,민간건축물,1등급,10,42150,033-640-5522
10,강원도,강릉시,심곡,곰두리연수원,강원도 강릉시강동면 심곡리 90-1,129.050392,37.667539,150,350,민간건축물,2등급,61.2,42150,033-640-5530
11,강원도,강릉시,강릉항,송정해변 신도브래뉴아파트,강원도 강릉시견소동 289,128.937913,37.775796,3500,350,민간건축물,1등급,5.5,42150,033-640-5528
12,강원도,강릉시,강릉항,죽도봉,강원도 강릉시견소동 11-1,128.951554,37.769769,800,200,공터,-,32.9,42150,033-640-5569
13,강원도,강릉시,안인,봉화산,강원도 강릉시강동면 안인진리 20-1,128.986957,37.736653,50,300,공터,-,58.2,42150,033-640-5569
14,강원도,강릉시,안인,안인천주교회,강원도 강릉시강동면 안인진리 213-1,128.986083,37.730761,100,500,민간건축물,2등급,11.8,42150,033-640-5528
15,강원도,강릉시,안인,강인교회,강원도 강릉시강동면 안인진리 270-18,128.982591,37.727727,150,600,민간건축물,2등급,11.8,42150,033-640-5528
16,강원도,강릉시,안인,하시동2리 마을회관,강원도 강릉시강동면 하시동리 56-1,128.972745,37.737193,100,900,공공건축물,2등급,26.5,42150,033-640-5528
17,강원도,강릉시,영진항,육군1901부대 2대대,강원도 강릉시연곡면 영진리 137,128.847534,37.866883,700,300,공터,-,28.8,42150,033-640-5519
18,강원도,강릉시,옥계,옥계역,강원도 강릉시옥계면 동해대로 291-14,129.049666,37.619768,70,600,공공건축물,1등급,10.7,42150,033-640-5531
19,강원도,강릉시,옥계,한국여성수련원,강원도 강릉시옥계면 금진솔밭길 148-19,129.046222,37.629532,6300,300,공공건축물,1등급,10,42150,033-640-5532
20,강원도,강릉시,옥계,기마봉 야산,강원도 강릉시옥계면 금진리 96,129.048468,37.655441,2000,300,공터,-,10,42150,033-640-5533
21,강원도,강릉시,정동진,고성산,강원도 강릉시강동면 정동진리 267-4,129.032624,37.69006,120,200,공터,-,52.8,42150,033-640-5569
22,강원도,강릉시,정동진,정동초등학교,강원도 강릉시강동면 정동진리 184,129.033574,37.687221,160,300,공공건축물,1등급,10,42150,033-640-5528
23,강원도,강릉시,정동진,정동허브랜드,강원도 강릉시강동면 정동진리 51-4,129.04094,37.681013,260,400,민간건축물,2등급,63.3,42150,033-640-5529
24,강원도,강릉시,주문진항,주영초등학교,강원도 강릉시주문진읍 약수동길 15-12,128.82891,37.897137,320,650,공공건축물,1등급,21.8,42150,033-640-5516
25,강원도,강릉시,주문진항,주문진감리교회,강원도 강릉시주문진읍 항구로 43,128.82637,37.89389,500,300,민간건축물,2등급,10,42150,033-640-5517
26,강원도,강릉시,주문진항,주문진성당,강원도 강릉시주문진읍 교향안길 51,128.821923,37.885274,300,500,민간건축물,2등급,19.7,42150,033-640-5518
27,강원도,강릉시,주문진해변,소돌휴게소,강원도 강릉시주문진읍 주문북로 228,128.82936,37.905039,470,250,민간건축물,2등급,19,42150,033-640-5514
28,강원도,강릉시,주문진해변,우일아파트 야산,강원도 강릉시주문진읍 주문리 산96-1,128.825099,37.904771,800,200,공터,-,24.4,42150,033-640-5515
29,강원도,고성군,가진지구,가진교회 고지대,고성군 죽왕면 가진리 123-3,128.507909,38.37254,200,148,공터,-,12,42820,033-680-3753
30,강원도,고성군,가진지구,가진항뒷산 고지대,고성군 죽왕면 가진리 산16임,128.510808,38.368111,300,69,공터,-,17,42820,033-680-3753
31,강원도,고성군,가진지구,동호리뒷산 고지대,고성군 간성읍 동호리 산10-3임,128.476095,38.391802,500,970,공터,-,22,42820,033-680-3753
32,강원도,고성군,거진지구,거진정보공업고등학교 고지대,고성군 거진읍 거진리 432,128.450281,38.440948,1500,393,학교운동장,-,10,42820,033-680-3753
33,강원도,고성군,거진지구,거성초등학교 고지대,고성군 거진읍 거진리 180,128.457383,38.45258,1500,437,학교운동장,-,29,42820,033-680-3753
34,강원도,고성군,거진지구,거진성황당 고지대,고성군 거진읍 거진리 10-6임,128.462411,38.450475,500,138,공터,-,32,42820,033-680-3753
35,강원도,고성군,거진지구,거진중학교 고지대,고성군 거진읍 봉평리 31-1,128.447698,38.447087,1500,628,학교운동장,-,11,42820,033-680-3753
36,강원도,고성군,공현진지구,공현진교회 고지대,고성군 죽왕면 공현진리 85,128.509234,38.355317,50,186,공터,-,20,42820,033-680-3753
37,강원도,고성군,공현진지구,송지호오토캠핑장뒷산 고지대,고성군 죽왕면 오봉리 12-2,128.511635,38.342031,200,385,공터,-,17,42820,033-680-3753
38,강원도,고성군,공현진지구,공현진초등학교 고지대,고성군 죽왕면 공현진리 334,128.507208,38.354208,700,309,공터,-,12,42820,033-680-3753
39,강원도,고성군,교암지구,동광초등학교 고지대,고성군 토성면 교암리 86,128.543935,38.288906,500,348,공터,-,11,42820,033-680-3753
40,강원도,고성군,교암지구,천학정야산 고지대,고성군 토성면 교암리 177-6임,128.547534,38.288391,200,55,공터,-,15,42820,033-680-3753
41,강원도,고성군,교암지구,백촌복지회관 고지대,고성군 토성면 백촌리 123,128.540417,38.291983,50,570,공터,-,10,42820,033-680-3753
42,강원도,고성군,대진지구,현내면공설운동장 고지대,고성군 현내면 대진리 310,128.41861,38.500797,2000,563,공터,-,14,42820,033-680-3753
43,강원도,고성군,대진지구,대진감리교회 고지대,고성군 현내면 대진리 189-1,128.426748,38.495172,300,242,공터,-,34,42820,033-680-3753
44,강원도,고성군,대진지구,대진초등학교 고지대,고성군 현내면 대진리 148,128.423675,38.497052,1700,214,학교운동장,-,11,42820,033-680-3753
45,강원도,고성군,대진지구,명파교회 고지대,고성군 현내면 명파리 295-33,128.401322,38.538386,300,562,공터,-,22,42820,033-680-3753
46,강원도,고성군,문암지구,문암진리앞산 고지대,고성군 죽왕면 문암진리 95-2임,128.543018,38.30018,300,285,공터,-,15,42820,033-680-3753
47,강원도,고성군,문암지구,오호초등학교뒷산 고지대,고성군 죽왕면 삼포리 215-5임,128.530779,38.314506,200,508,공터,-,13,42820,033-680-3753
48,강원도,고성군,문암지구,문암군부대앞산 고지대,고성군 죽왕면 문암진리 산1-8임,128.548043,38.30344,450,95,공터,-,25,42820,033-680-3753
49,강원도,고성군,반암지구,반암리뒷산 고지대,고성군 거진읍 반암리 73-1임,128.459125,38.423319,500,325,공터,-,24,42820,033-680-3753
50,강원도,고성군,반암지구,반암초소 고지대,고성군 거진읍 반암리 53-1임외 1,128.461126,38.423097,200,183,공터,-,33,42820,033-680-3753
51,강원도,고성군,봉포지구,속초기상대 고지대,고성군 토성면 봉포리 111-3,128.564404,38.250728,150,268,공터,-,18,42820,033-680-3753
52,강원도,고성군,봉포지구,경동대학교 고지대,고성군 토성면 봉포리 306-3,128.556468,38.25159,2000,649,공터,-,19,42820,033-680-3753
53,강원도,고성군,아야진지구,아야진침례교회 고지대,고성군 토성면 아야진리 41,128.555044,38.2725,150,95,공터,-,12,42820,033-680-3753
54,강원도,고성군,아야진지구,아야진장로교회 고지대,고성군 토성면 청간리 2-1,128.554321,38.2691,150,219,공터,-,16,42820,033-680-3753
55,강원도,고성군,아야진지구,토성정수장 고지대,고성군 토성면 청간리 산36-3임외 2,128.554793,38.265186,200,379,공터,-,30,42820,033-680-3753
56,강원도,고성군,아야진지구,아야진초등학교 고지대,고성군 토성면 아야진리 200,128.54959,38.27337,1600,413,학교운동장,-,27,42820,033-680-3753
57,강원도,고성군,오호지구,오호교회 고지대,고성군 죽왕면 오호리 170,128.525145,38.329206,150,236,공터,-,15,42820,033-680-3753
58,강원도,고성군,오호지구,삼포마을뒷산 고지대,고성군 죽왕면 삼포리 산55-1임외 3,128.529296,38.315042,150,442,공터,-,27,42820,033-680-3753
59,강원도,고성군,오호지구,죽왕초등학교뒷산 고지대,고성군 죽왕면 오호리 산39-1임,128.522738,38.330697,700,442,공터,-,20,42820,033-680-3753
60,강원도,고성군,천진지구,천진리뒷산(2) 고지대,고성군 토성면 천진리 산32임,128.553032,38.255495,550,691,공터,-,16,42820,033-680-3753
61,강원도,고성군,천진지구,천진리뒷산(1) 고지대,고성군 토성면 천진리 산3-1,128.555129,38.256005,400,445,공터,-,18,42820,033-680-3753
62,강원도,고성군,초도지구,대진중고등학교 고지대,고성군 현내면 초도리 75,128.433106,38.484328,490,296,학교운동장,-,15,42820,033-680-3753
63,강원도,고성군,초도지구,화진포정보화마을 고지대,고성군 현내면 초도리 84임,128.436931,38.483667,100,111,공터,-,30,42820,033-680-3753
64,강원도,고성군,초도지구,이승만별장 고지대,고성군 현내면 죽정리 산1-3임,128.401322,38.538386,50,689,공터,-,20,42820,033-680-3753
65,강원도,고성군,초도지구,초도항뒷산 고지대,고성군 현내면 초도리 222-30,128.430651,38.488511,50,151,공터,-,13,42820,033-680-3753
66,강원도,동해시,노봉지구,노봉해수욕장내 야산,망상동 170-1,129.0981604,37.5882871,400,100,공터,-,19.2,42170,033-530-2313
67,강원도,동해시,노봉지구,목재유통센터,망상동 721,129.099655,37.581666,400,700,공터,-,27.9,42170,033-530-2313
68,강원도,동해시,노봉지구,노봉택지,망상동 14-5,129.1054637,37.582091,400,550,공터,-,26.8,42170,033-530-2313
69,강원도,동해시,망상지구,기곡마을입구,망상동 409-21,129.080633,37.596084,5000,460,공터,-,23.6,42170,033-530-2313
70,강원도,동해시,망상지구,해군전적비,망상동 396-40,129.0846615,37.5939099,3000,290,공터,-,17.2,42170,033-530-2313
71,강원도,동해시,망상지구,망상초등학교 옆,망상동 360-5,129.089602,37.591345,2000,330,공터,-,10.1,42170,033-530-2313
72,강원도,동해시,묵호. 발한지구,일출공원,묵호진동 2-126,129.12004,37.55507,100,50,공터,-,23,42170,033-530-2313
73,강원도,동해시,묵호. 발한지구,논골도로,묵호진동 102-9,129.1162707,37.5541259,200,250,도로변,-,29.3,42170,033-530-2313
74,강원도,동해시,묵호. 발한지구,산제골도로,묵호진동 78-60,129.113747,37.553543,200,250,도로변,-,29.6,42170,033-530-2313
75,강원도,동해시,묵호. 발한지구,묵호대교,발한동 80-303,129.110979,37.541447,300,300,도로변,-,22,42170,033-530-2313
76,강원도,동해시,부곡지구,평릉공원,평릉동 102-2,129.112147,37.5360243,100,400,공터,-,22,42170,033-530-2313
77,강원도,동해시,부곡지구,하평 주차장,평릉동 84-1,129.1157289,37.5338776,50,150,공터,-,13.3,42170,033-530-2313
78,강원도,동해시,어달지구,대진도로,대진동 196-4,129.1125945,37.5798336,300,100,도로변,-,15.4,42170,033-530-2313
79,강원도,동해시,어달지구,단병공입구,대진동 155-8,129.114684,37.577017,200,200,도로변,-,23.9,42170,033-530-2313
80,강원도,동해시,어달지구,어달마을내 도로,어달동 134-5,129.117725,37.567126,400,100,도로변,-,12.2,42170,033-530-2313
81,강원도,동해시,어달지구,어달소공원,어달동 47,129.1186236,37.56548,400,280,공터,-,27.9,42170,033-530-2313
82,강원도,동해시,어달지구,선창횟집뒤,어달동 25,129.119225,37.562864,400,90,공터,-,20,42170,033-530-2313
83,강원도,동해시,어달지구,바위섬횟집뒤 도로,어달동 11-11번지,129.1189125,37.5607343,100,100,도로변,-,16.4,42170,033-530-2313
84,강원도,동해시,어달지구,동해비치호텔위 마을주차장,묵호진동 2-42번지,129.1207191,37.5578726,100,100,공터,-,20,42170,033-530-2313
85,강원도,동해시,용정지구,감추사해안도로주차장,천곡동 1090-28,129.124922,37.515598,30,150,공터,-,26.5,42170,033-530-2313
86,강원도,동해시,천곡지구,가세마을야산,천곡동 1-4번지,129.121971,37.527528,100,300,공터,-,22.1,42170,033-530-2313
87,강원도,동해시,천곡지구,법원삼거리옆 산책로,천곡동 1090-14번지,129.121746,37.519598,100,260,공터,-,18,42170,033-530-2313
88,강원도,동해시,추암지구,만경대,구미동 산 53,129.136641,37.4871541,50,100,공터,-,30.6,42170,033-530-2313
90,강원도,동해시,추암지구,북평공단 소공원,추암동 484-2,129.1554047,37.479607,200,400,공터,-,13,42170,033-530-2313
91,강원도,동해시,추암지구,추암조각공원,추암동 477,129.1574342,37.4796817,400,350,공터,-,11.3,42170,033-530-2313
128,강원도,삼척시,호산지구,빗물펌프장뒤공터,호산리 299-7,129.342842,37.173482,200,473,도로변,-,18,42230,033-570-3887
133,강원도,삼척시,증산지구,쏠비치주자창,수로부인길 453 (증산동산61-3번지),129.164759,37.472401,200,437,도로변,-,40,42230,033-570-3887
134,강원도,속초시,교동지구,설악중학교운동장,속초시 교동 780-5,128.578438,38.206688,2400,1200,학교운동장,-,40,42210,033-633-4992
135,강원도,속초시,교동지구,청학연립주차장고지대,속초시 청학동 486-184,128.584979,38.20319,710,350,공터,-,30,42210,033-639-2683
136,강원도,속초시,교동지구,속초교육문화관,속초시 금호동 488-2,128.585968,38.206458,220,590,공터,-,34,42210,033-639-2684
137,강원도,속초시,금호지구,속초여자중학교운동장,속초시 금호동 625-37,128.584739,38.207064,1500,770,학교운동장,-,32,42210,033-630-8500
138,강원도,속초시,금호지구,시청주차장고지대,속초시 중앙동 469-1,128.591128,38.207021,200,160,공터,-,22,42210,033-639-2684
139,강원도,속초시,금호지구,(구)측후소고지대,속초시 중앙동 469-41,128.5912,38.206673,500,190,공터,-,30,42210,033-639-2685
140,강원도,속초시,노학지구,속초여자고등학교운동장,속초시 교동 802-1,128.568006,38.199761,2000,1230,학교운동장,-,31,42210,033-634-3210
141,강원도,속초시,노학지구,아남프라자,속초시 교동 737-7,128.577567,38.197275,1800,460,민간건축물,1등급,50,42210,033-639-2686
142,강원도,속초시,대포지구,대포초등학교운동장,속초시 대포동 350,128.603249,38.174299,800,140,학교운동장,-,21,42210,033-635-3840
143,강원도,속초시,대포지구,할머니성황당고지대,속초시 대포동 대포항,128.60465,38.171426,1000,90,공터,-,23,42210,033-639-2685
144,강원도,속초시,대포지구,내물치 뒷산 고지대,속초시 대포동 내물치,128.606948,38.165088,700,110,공터,-,30,42210,033-639-2686
145,강원도,속초시,동명지구,속초감리교회,속초시 동명동 338,129.221761,35.21253,1500,450,공터,-,39,42210,033-639-2685
146,강원도,속초시,동명지구,동명성당고지대,속초시 동명동 333-3,128.594877,38.212953,500,410,공터,-,39,42210,033-639-2686
147,강원도,속초시,영랑지구,동명천주교회,속초시 동명동 333-3,128.594867,38.21293,180,410,공터,-,39,42210,033-639-2685
148,강원도,속초시,영랑지구,양우아파트고지대,속초시 영랑동 157,128.592672,38.2162,300,280,공터,-,21,42210,033-639-2686
149,강원도,속초시,영랑지구,중앙공원고지대,속초시 동명동 산 51,128.585083,38.215271,3100,580,공터,-,25,42210,033-639-2683
150,강원도,속초시,영랑지구,영금공원고지대,속초시 영랑동 1-7,128.599975,38.21388,1670,90,공터,-,38,42210,033-639-2684
151,강원도,속초시,장사지구,속초고등학교운동장,속초시 장사동 460,128.583699,38.225719,2670,460,학교운동장,-,20,42210,033-634-6000
152,강원도,속초시,장사지구,우림연립고지대,속초시 장사동 518-7,128.58519,38.226504,200,380,공터,-,18,42210,033-639-2683
153,강원도,속초시,장사지구,해경충혼탑고지대,속초시 장사동 482-3,128.586193,38.227893,300,50,공터,-,41,42210,033-639-2684
154,강원도,속초시,조양지구,설악고등학교운동장,속초시 조양동 589-7,128.573411,38.185521,3000,1150,학교운동장,-,60,42210,033-630-0300
155,강원도,속초시,조양지구,선사유적지고지대,속초시 조양동 산 142-8,128.570953,38.190191,1900,460,공터,-,36,42210,033-639-2684
156,강원도,속초시,청호1지구,(구)측후소고지대,속초시 중앙동 469-41,128.5912,38.206673,500,190,공터,-,30,42210,033-639-2686
158,강원도,속초시,청호1지구,설악대교,속초시 청호동 설악대교,128.593481,38.201803,300,190,도로변,-,24,42210,033-639-2683
159,강원도,속초시,청호1지구,금강대교,속초시 청호동 금강대교,128.5936,38.2049,500,160,도로변,-,24,42210,033-639-2684
160,강원도,속초시,청호2지구,이마트,속초시 청호동 459-134,128.595786,38.191238,500,520,민간건축물,1등급,24,42210,033-639-2685
163,강원도,속초시,청호3지구,수질환경사업소고지대,속초시 대포동 552,128.606057,38.184507,630,50,공터,-,18,42210,033-639-2684
164,강원도,속초시,청호3지구,(구)대포정수장고지대,속초시 대포동 산 44,128.599959,38.179108,600,580,공터,-,60,42210,033-639-2685
165,강원도,속초시,청호3지구,조양감리교회고지대,속초시 조양동 1289-15,128.602467,38.183971,1000,500,공터,-,25,42210,033-639-2686
166,강원도,양양군,기사문지구,기사문리철뚝,산54-2,128.73111,38.00555,300,350,공터,-,25,42830,033-670-2247
168,강원도,양양군,낙산지구,주청리야산,산6-1,128.6295028,38.1123417,500,500,공터,-,20,42830,033-670-2247
169,강원도,양양군,남애지구,남애리 야산,산1,128.786052,37.945723,200,300,공터,-,30,42830,033-670-2247
170,강원도,양양군,남애지구,남애리 야산,전46-2,128.785876,37.941682,200,200,공터,-,25,42830,033-670-2247
171,강원도,양양군,남애지구,남애리 야산,113-2,128.786086,37.940314,200,300,공터,-,25,42830,033-670-2247
172,강원도,양양군,동산지구,동산리야산,산58-01,128.759085,37.980265,100,250,공터,-,25,42830,033-670-2247
173,강원도,양양군,동호지구,동호리야산,산44,128.68222,38.05527,250,250,공터,-,30,42830,033-670-2247
174,강원도,양양군,동호지구,동호리공항도로,563-8도,128.6825,38.05138,250,500,공터,-,30,42830,033-670-2247
175,강원도,양양군,물치지구,물치리 야산,산12,128.61027,38.15361,300,170,공터,-,15,42830,033-670-2247
176,강원도,양양군,설악지구,용호리 야산,산1-3,128.62277,38.13166,300,100,공터,-,25,42830,033-670-2247
177,강원도,양양군,수산지구,수산리야산,산85-1,128.67277,38.07638,150,200,공터,-,25,42830,033-670-2247
178,강원도,양양군,수산지구,수산리야산,전20-2,128.67472,38.07333,150,200,공터,-,25,42830,033-670-2247
179,강원도,양양군,오산지구,오산리야산,산81-1,128.66583,38.08583,500,100,공터,-,25,42830,033-670-2247
180,강원도,양양군,지경. 원포지구,원포야산,산78,128.79333,37.92666,100,300,공터,-,20,42830,033-670-2247
181,강원도,양양군,지경. 원포지구,지경야산,산 1,128.79888,37.91694,100,500,공터,-,15,42830,033-670-2247
182,강원도,양양군,인구. 광진지구,인구야산,산1-1,128.7653083,37.9522056,100,300,공터,-,25,42830,033-670-2247
183,강원도,양양군,인구. 광진지구,천주교야산,산41-07,128.76194,37.96777,100,300,공터,-,20,42830,033-670-2247
184,강원도,양양군,인구. 광진지구,광진리야산,산51-01,128.7704389,37.9554167,100,100,공터,-,15,42830,033-670-2247
185,강원도,양양군,정암지구,정암리 야산,산64-02,128.615,38.13722,200,300,공터,-,20,42830,033-670-2247
186,강원도,양양군,하광정지구,하광정리 야산,산19,128.73,38.01722,500,350,공터,-,30,42830,033-670-2247
187,경상북도,경주시,감포지구,감포초등학교,감포읍 감포리 17,129.502019,35.809598,1300,300,학교운동장,-,15,47130,054-779-6508
188,경상북도,경주시,감포지구,감포읍사무소,감포읍 감포리 56-2,129.501676,35.8073959,100,170,공공건축물,미적용,15,47130,054-779-6508
189,경상북도,경주시,감포지구,감포읍 버스공용주차장,감포읍 전동리 115,129.496596,35.8034219,500,600,공터,-,30,47130,054-779-6508
190,경상북도,경주시,감포지구,감포읍 주민복지회관,감포읍 전촌리 224,129.493692,35.7985484,500,500,공공건축물,2등급,20,47130,054-779-6508
191,경상북도,경주시,관성지구,통일로 토종순대국,양남면 수렴리 94-1,129.4627,35.66755,500,150,공터,-,15,47130,054-779-6508
192,경상북도,경주시,관성지구,바다모텔 옆 야산,양남면 수렴리 산120,129.4509,35.65906,200,120,공터,-,15,47130,054-779-6508
193,경상북도,경주시,관성지구,현대자동차 수련원,양남면 수렴리 240-6,129.4586,35.66864,1000,300,공터,-,20,47130,054-779-6508
194,경상북도,경주시,나아지구,나산초등학교,양남면 읍천리 17,129.4703,35.69788,1000,400,학교운동장,-,15,47130,054-779-6508
195,경상북도,경주시,나정지구,전촌1리 마을회관,감포읍 전촌리 532-1,129.488369,35.7928527,50,550,공공건축물,미적용,15,47130,054-779-6508
196,경상북도,경주시,나정지구,나정2리 마을회관 뒤 솔밭,감포읍 나정리 223-2,129.492946,35.777644,1000,150,공터,-,20,47130,054-779-6508
197,경상북도,경주시,나정지구,시드니 낚시마트 뒤 야산,감포읍 전촌리 105-2,129.494894,35.792703,1000,100,공터,-,40,47130,054-779-6508
198,경상북도,경주시,나정지구,나정1리 마을회관 앞 야산,감포읍 나정리 203,129.4911,35.7789,500,180,공터,-,15,47130,054-779-6508
199,경상북도,경주시,대본지구,전망대횟집 앞 야산,감포읍 대본리 산172-2,129.4915,35.75277,1000,100,공터,-,15,47130,054-779-6508
200,경상북도,경주시,대본지구,대본초등학교,감포읍 대본리 669-2,129.4837,35.74529,200,100,학교운동장,-,15,47130,054-779-6508
201,경상북도,경주시,대본지구,감포관광단지 주차장,감포읍 대본리 42-1,129.4933,35.76554,3000,100,공터,-,15,47130,054-779-6508
202,경상북도,경주시,대본지구,대본3리 마을회관,감포읍 대본리 606-6,129.4861,35.74694,50,100,공공건축물,미적용,15,47130,054-779-6508
203,경상북도,경주시,봉길지구,수재마을소공원,양북면 봉길리 58-6외 2,129.4818,35.73638,100,300,공터,-,10,47130,054-779-6508
204,경상북도,경주시,오류지구,감포리조트펜션 주차장,감포읍 오류리 137,129.51843,35.8381731,500,130,공터,-,12,47130,054-779-6508
205,경상북도,경주시,오류지구,감포댐 입구,감포읍 오류리 산14-81,129.511997,35.8368554,1000,150,공터,-,12,47130,054-779-6508
206,경상북도,경주시,오류지구,일출빌라 뒤 야산,감포읍 오류리 326-2,129.510957,35.8162122,1000,200,공터,-,20,47130,054-779-6508
207,경상북도,경주시,오류지구,감포중·고등학교,감포읍 오류리 478-2,129.506759,35.8107714,1300,350,학교운동장,-,20,47130,054-779-6508
208,경상북도,경주시,읍천지구,읍천1리 마을회관 뒤 솔밭,양남면 읍천리 363,129.4723,35.69055,3000,140,공터,-,20,47130,054-779-6508
209,경상북도,경주시,하서지구,양남중학교 운동장,양남면 하서리 651,129.4608,35.67427,1000,400,학교운동장,-,15,47130,054-779-6508
210,경상북도,경주시,하서지구,카리브모텔 뒤 야산,양남면 하서리 25-3,129.4701,35.68226,1000,150,공터,-,20,47130,054-779-6508
211,경상북도,영덕군,강구지구,대게축구장입구,경상북도 영덕군 강구면 강구리 산69,129.390942,36.364052,500,800,공터,-,40,47770,054-730-6521
212,경상북도,영덕군,강구지구,수협창고뒤,강구리 산 50-1,129.385875,36.359965,500,400,공터,-,36,47770,054-730-6521
213,경상북도,영덕군,강구지구,미혜식당뒤,강구리 산75-12,129.39269,36.361934,500,65,공터,-,31,47770,054-730-6521
214,경상북도,영덕군,거무역지구,학생해양수련원,병곡면 고래불로 201(거무역리 5-41),129.4125,36.578637,500,100,공터,-,21,47770,054-730-6521
215,경상북도,영덕군,거무역지구,7번국도변,원황리 619-3,129.399714,36.576542,100,480,공터,-,24,47770,054-730-6521
216,경상북도,영덕군,경정1지구,경정해수욕장 뒷산,축산면 경정리 산60,129.432803,36.482615,100,100,공터,-,25,47770,054-730-6521
217,경상북도,영덕군,경정1지구,축산항초등학교 경정분교뒤 공터,경정길 17(경정리 234),129.433657,36.486086,200,350,학교운동장,-,20,47770,054-730-6521
218,경상북도,영덕군,경정1지구,경정교회 뒷산,경정리 산192-1,129.431,36.484,200,350,공터,-,30,47770,054-730-6521
219,경상북도,영덕군,경정2지구,태흥모텔 앞 공터,(경정리 24),129.442883,36.493652,250,150,공터,-,30,47770,054-730-6521
220,경상북도,영덕군,경정3지구,경정석산(버스승강장),축산면 경정리 산26-1,129.431814,36.475093,100,200,도로변,-,35,47770,054-730-6521
221,경상북도,영덕군,구계지구,구계승강장,경상북도 영덕군 남정면 구계리,129.364583,36.317709,200,120,도로변,-,30,47770,054-730-6521
222,경상북도,영덕군,구계지구,아이씨프라자,경상북도 영덕군 남정면 구계리,129.364583,36.317709,150,50,공터,-,30,47770,054-730-6521
223,경상북도,영덕군,구계지구,마을뒷산,경상북도 영덕군 남정면 구계리,129.3758645,36.3193502,220,220,공터,-,20,47770,054-730-6521
224,경상북도,영덕군,구계지구,제당뒷산,경상북도 영덕군 남정면 구계리,129.376904,36.319516,310,310,공터,-,25,47770,054-730-6521
225,경상북도,영덕군,금곡1지구,칠보산도로변,금곡리 산119-4,129.4106,36.638611,200,300,공터,-,79,47770,054-730-6521
226,경상북도,영덕군,금곡1지구,금곡1서낭당,병곡면 금곡리 332-1,129.408859,36.642286,150,800,공터,-,28,47770,054-730-6521
227,경상북도,영덕군,금곡1지구,마을뒷산,병곡면 금곡리 439,129.412771,36.641896,150,700,공터,-,25,47770,054-730-6521
228,경상북도,영덕군,금곡2지구,구국도변 공터,병곡면 금곡리 13-1,129.422014,36.643406,70,300,공터,-,28,47770,054-730-6521
229,경상북도,영덕군,금곡2지구,구국도변 공터,병곡면 금곡리 49-4,129.420621,36.642051,80,300,공터,-,35,47770,054-730-6521
230,경상북도,영덕군,금진1지구,대구대학교연수원,강구면 번영길 235(금진리 85),129.403438,36.380061,500,80,공터,-,22,47770,054-730-6521
231,경상북도,영덕군,금진1지구,마을뒷산,경상북도 영덕군 강구면 금진리 31-8,129.4051,36.381937,100,50,공터,-,23,47770,054-730-6521
232,경상북도,영덕군,금진2지구,금진택지입구,금진리 665-13,129.393826,36.366124,200,180,공터,-,22,47770,054-730-6521
233,경상북도,영덕군,금진2지구,풍성호뒤,경상북도 영덕군 강구면 금진리 630,129.394469,36.368648,50,70,공터,-,20,47770,054-730-6521
234,경상북도,영덕군,금진2지구,소하민박뒤,영덕대게로 231-2(경상북도 영덕군 강구면 금진리 597),129.395274,36.369197,50,70,공터,-,20,47770,054-730-6521
235,경상북도,영덕군,남호지구,남호승강장,경상북도 영덕군 남정면 남호리,129.373778,36.333401,100,120,공터,-,30,47770,054-730-6521
236,경상북도,영덕군,노물지구,지미슈퍼뒤 공터,영덕읍 노물리 70-6,129.43293,36.447001,20,250,공터,-,35,47770,054-730-6521
237,경상북도,영덕군,노물지구,연국사입구,노물1길 25(노물리 161-1),129.430586,36.447791,35,430,공터,-,54,47770,054-730-6521
238,경상북도,영덕군,노물지구,구)보건소 맞은편,영덕읍 노물리 170,129.431069,36.446812,35,370,공터,-,42,47770,054-730-6521
239,경상북도,영덕군,노물지구,선창횟집 뒤,노물리 174-4,129.43115,36.446269,20,320,공터,-,45,47770,054-730-6521
240,경상북도,영덕군,노물지구,경노회관뒤 골목,노물길 19-13(영덕읍 노물리 45),129.434362,36.446431,25,140,공터,-,48,47770,054-730-6521
241,경상북도,영덕군,노물지구,해녀횟집뒤 골목,노물길 19-21(영덕읍 노물리 20),129.434947,36.446441,25,160,공터,-,46,47770,054-730-6521
242,경상북도,영덕군,대부지구,창포교회뒤편,영덕읍 대부리 247-3,129.422813,36.403933,400,85,공터,-,35,47770,054-730-6521
243,경상북도,영덕군,대부지구,구)마을회관옆,영덕대게로 691-34(영덕군 영덕읍 대부리 273),129.421112,36.401413,150,90,공터,-,35,47770,054-730-6521
245,경상북도,영덕군,대진2지구,마을뒤 야산,(영해면 대진리 산 23-1),129.428568,36.556292,200,150,공터,-,20,47770,054-730-6521
246,경상북도,영덕군,대진3지구,마을뒤 야산,건달길 11-17 (대진3리 73),129.436472,36.554646,150,70,공터,-,20,47770,054-730-6521
247,경상북도,영덕군,대탄지구,창호민박뒤,영덕읍 대탄리 산13-1,129.432269,36.433843,130,260,공터,-,49,47770,054-730-6521
248,경상북도,영덕군,덕천지구,영덕경찰수련원,영덕로 2108-152(덕천리 190-42),129.416943,36.568802,300,500,공터,-,20,47770,054-730-6521
249,경상북도,영덕군,백석1지구,철암산,백석리 269-2,129.409293,36.620907,300,400,공터,-,56,47770,054-730-6521
250,경상북도,영덕군,백석1지구,철암산,백석리 310-3,129.409739,36.619014,300,400,공터,-,56,47770,054-730-6521
251,경상북도,영덕군,백석2지구,7번국도변,병곡면 백석리 123,129.411315,36.624989,300,300,공터,-,59,47770,054-730-6521
252,경상북도,영덕군,백석2지구,동해안휴게소,백석1길 7(병곡면 백석리 706),129.410934,36.623494,300,300,공터,-,59,47770,054-730-6521
254,경상북도,영덕군,병곡지구,바다향기펜션,병곡1길 37(병곡면 병곡리 24),129.414916,36.603701,200,300,공터,-,49,47770,054-730-6521
255,경상북도,영덕군,병곡지구,병곡휴게소,병곡리 331-9,129.413252,36.606215,800,600,공터,-,41,47770,054-730-6521
256,경상북도,영덕군,부경지구,장사해돋이휴게소 주차장,경상북도 영덕군 남정면 부경리,129.378177,36.275771,200,90,공터,-,30,47770,054-730-6521
257,경상북도,영덕군,부경지구,국도변,경상북도 영덕군 남정면 부경리,129.369476,36.271919,200,90,공터,-,30,47770,054-730-6521
258,경상북도,영덕군,부흥지구,마을회관,경상북도 영덕군 남정면 부흥리 96-1,129.377367,36.2923,300,130,공터,-,30,47770,054-730-6521
259,경상북도,영덕군,사진1지구,마을뒤야산,(사진리 산83),129.43681,36.538246,100,250,공터,-,35,47770,054-730-6521
260,경상북도,영덕군,사진2지구,마을뒤 공터,괴시사진길 327-26(사진리 310-4),129.43915,36.531065,150,150,공터,-,40,47770,054-730-6521
261,경상북도,영덕군,사진3지구,마을뒤야산,영덕대게로 2247-47 (사진3리 146),129.441682,36.520948,100,150,공터,-,20,47770,054-730-6521
262,경상북도,영덕군,삼사지구,삼사공원입구1,삼사리 753-1,129.382064,36.345435,500,250,도로변,-,27,47770,054-730-6521
263,경상북도,영덕군,삼사지구,삼사공원입구2,(강구면 삼사리 234),129.384945,36.345255,150,100,도로변,-,27,47770,054-730-6521
264,경상북도,영덕군,삼사지구,씨아일랜드주차장,(삼사리 631-8),129.381578,36.340158,50,60,공터,-,10,47770,054-730-6521
265,경상북도,영덕군,영4지구,영리 야산,병곡면 영리 296,129.402308,36.594331,300,600,공터,-,49,47770,054-730-6521
266,경상북도,영덕군,오보지구,오보보건소뒤,영덕읍 오보리 142,129.430228,36.441301,80,280,공터,-,30,47770,054-730-6521
267,경상북도,영덕군,오보지구,오보교회뒤,오보길 25-3(영덕읍 오보리 17-4),129.432117,36.442387,50,170,공터,-,47,47770,054-730-6521
268,경상북도,영덕군,오포1지구,오포1리 마을뒷산(1),강구면 오포리 684-1,129.374242,36.361722,340,1400,공터,-,340,47770,054-730-6521
269,경상북도,영덕군,오포1지구,오포1리 마을뒷산(2),강구면 오포리 산10,129.373347,36.364839,340,1500,공터,-,340,47770,054-730-6521
270,경상북도,영덕군,오포2. 3지구,독도수산뒤,강구면 삼사리 1-24,129.386,36.353,500,160,공터,-,37,47770,054-730-6521
271,경상북도,영덕군,오포2. 3지구,오포대게식당뒤,강구면 오포리 9-40,129.386473,36.354011,500,200,공터,-,33,47770,054-730-6521
272,경상북도,영덕군,오포2. 3지구,강구초등학교,경상북도 영덕군 강구면 나비산길 8(강구면 오포리 601),129.378478,36.356862,500,490,학교운동장,-,20,47770,054-730-6521
273,경상북도,영덕군,오포2. 3지구,강구정보고,강구면 신강구1길 45-5(삼사리 15-1),129.379949,36.353377,1200,1100,학교운동장,-,22,47770,054-730-6521
274,경상북도,영덕군,원척지구,경보휴게소,경상북도 영덕군 남정면 원척리 297-9,129.376547,36.296078,300,150,공터,-,30,47770,054-730-6521
275,경상북도,영덕군,원척지구,마을공터,경상북도 영덕군 남정면 원척리,129.369027,36.305206,200,70,공터,-,30,47770,054-730-6521
276,경상북도,영덕군,장사지구,남정중학교,경상북도 영덕군 남정면 장사리,129.370855,36.28362,500,1000,공터,-,30,47770,054-730-6521
277,경상북도,영덕군,장사지구,부흥2리 뒷산,경상북도 영덕군 남정면 부흥2리,129.367869,36.287882,250,900,공터,-,30,47770,054-730-6521
278,경상북도,영덕군,창포지구,창포초등학교,창포길2-11(영덕읍 창포리 550),129.427915,36.409441,430,100,학교운동장,-,25,47770,054-730-6521
279,경상북도,영덕군,창포지구,창포보건소뒤,영덕읍 창포리 931,129.423395,36.407756,30,100,공터,-,29,47770,054-730-6521
280,경상북도,영덕군,창포지구,갈매기횟집뒤,영덕읍 창포리 911,129.428784,36.408875,30,130,공터,-,35,47770,054-730-6521
281,경상북도,영덕군,창포지구,제당옆골목,영덕읍 창포리 572,129.428646,36.411318,30,90,공터,-,24,47770,054-730-6521
282,경상북도,영덕군,창포지구,창포일반(강유복 집뒤),창포1길 19(영덕읍 창포리 591),129.429359,36.412006,30,150,공터,-,29,47770,054-730-6521
283,경상북도,영덕군,축산항지구,축산항초교 뒷산,축산항초교길 2(축산면 축산리 187),129.442324,36.509527,400,800,공터,-,20,47770,054-730-6521
284,경상북도,영덕군,축산항지구,목너머,축산리 산8-5,129.443537,36.512057,400,70,공터,-,15,47770,054-730-6521
285,경상북도,영덕군,축산항지구,죽도산,축산리 산106-4,129.450889,36.507654,300,400,공터,-,40,47770,054-730-6521
286,경상북도,영덕군,축산항지구,블루로드길,축산리 산113-2,129.444205,36.501362,100,70,공터,-,40,47770,054-730-6521
287,경상북도,영덕군,축산항지구,와우산,축산리 산20-2,129.446597,36.510827,300,100,공터,-,30,47770,054-730-6521
288,경상북도,영덕군,하저지구,문화교맞은편뒤,강구면 하저리 401,129.406888,36.390612,100,200,공터,-,15,47770,054-730-6521
289,경상북도,영덕군,하저지구,하저문화마을뒤,강구면 하저리 449-1,129.404467,36.389579,200,310,공터,-,14,47770,054-730-6521
290,경상북도,영덕군,하저지구,탁주합동제조장뒤,경상북도 영덕군 강구면 하저리 722,129.409527,36.396418,100,430,공터,-,12,47770,054-730-6521
291,경상북도,영덕군,하저지구,푸른바다민박뒤,경상북도 영덕군 강구면 하저리 6-6,129.414122,36.393511,100,270,공터,-,11,47770,054-730-6521
292,경상북도,울릉군,남양지구,남양초등학교,경북 울릉군 서면 남양리 584,130.8399,37.46863,400,336,학교운동장,-,20.9,47940,054-791-2296
293,경상북도,울릉군,남양지구,서면사무소,경상북도 울릉군 서면 남양4길 31,130.838096,37.467716,100,136,공터,-,15.8,47940,054-790-6332
294,경상북도,울릉군,남양지구,울릉서중학교,경북 울릉군 서면 남서리 629-12,130.836369,37.468891,400,228,학교운동장,-,16.9,47940,054-791-2296
295,경상북도,울릉군,도동지구,울릉중학교,경상북도 울릉군 울릉읍 도동길 151-19,130.9013869,37.4847918,400,328,학교운동장,-,48.3,47940,054-791-2296
296,경상북도,울릉군,사동지구,농업기술센터,경북 울릉군 울릉읍 사동리 541-4,130.873183,37.458434,200,185,공터,-,38.3,47940,054-790-6332
297,경상북도,울릉군,저동지구,울릉고등학교,경북 울릉군 울릉읍  울릉순환로 236,130.907692,37.4928583,700,192,학교운동장,-,27.3,47940,054-791-2296
298,경상북도,울릉군,저동지구,우산중학교,경북 울릉군 울릉읍 저동길 54,130.906256,37.494907,500,330,학교운동장,-,45.2,47940,054-791-2296
299,경상북도,울릉군,천부지구,북면사무소,경상북도 울릉군 북면 천부2길 11,130.874611,37.541044,200,146,공터,-,16.1,47940,054-790-6332
300,경상북도,울릉군,천부지구,천부초등학교,경북 울릉군 북면 천부리 694,130.871402,37.537065,300,228,학교운동장,-,54.6,47940,054-791-2296
301,경상북도,울릉군,태하지구,태하출장소,경상북도 울릉군 서면 태하1길 41,130.800712,37.512432,50,343,공터,-,13.9,47940,054-790-6332
302,경상북도,울릉군,태하지구,태하분교,경북 울릉군 서면 태하리 521-2,130.802098,37.512887,50,351,학교운동장,-,16.3,47940,054-791-2296
303,경상북도,울릉군,현포지구,현포분교,경북 울릉군 북면 현포리 549,130.822013,37.524451,300,231,학교운동장,-,32.9,47940,054-791-2296
304,경상북도,울진군,거일지구,평해연수원 뒷산,평해읍 거일리 산63,129.4726,36.708242,47,120,공터,-,25,47930,054-789-4100
305,경상북도,울진군,거일지구,마을뒷산 고지대,평해읍 거일리 산29,129.471135,36.714272,47,260,공터,-,25,47930,054-789-4100
306,경상북도,울진군,거일지구,파도향기펜션,평해읍 거일리 산61,129.468369,36.706891,48,230,민간건축물,미적용,20,47930,054-789-4100
307,경상북도,울진군,거일지구,마을뒷산 고지대,평해읍 거일리 83-1,129.472922,36.708334,48,100,공터,-,27,47930,054-789-4100
308,경상북도,울진군,거일지구,거일 평화교회,평해읍  울진대게로 603-12,129.473067,36.700486,48,100,민간건축물,미적용,27,47930,054-789-4100
309,경상북도,울진군,거일지구,마을뒷산 고지대,평해읍 거일리 192,129.473863,36.703751,48,250,공터,-,27,47930,054-789-4100
310,경상북도,울진군,거일지구,마을뒷산 고지대,평해읍 거일리 산153-1,129.474662,36.701041,48,150,공터,-,25,47930,054-789-4100
311,경상북도,울진군,거일지구,마을뒷산 고지대,평해읍 거일리 산159,129.474906,36.699183,48,150,공터,-,25,47930,054-789-4100
312,경상북도,울진군,구산지구,태평양횟집 뒷산,기성면 구산리 48-2,129.4713433,36.762684,150,150,공터,-,22,47930,054-789-6153
313,경상북도,울진군,구산지구,구산중앙교회 옆,기성면 구산리 177,129.4665549,36.7611869,200,240,공터,-,22,47930,054-789-6153
314,경상북도,울진군,구산지구,구산침례교회 뒷산,기성면 구산리 305,129.4657358,36.7584008,300,200,공터,-,21,47930,054-789-6153
315,경상북도,울진군,구산지구,마을뒤 고지대밭,기성면 구산리 83,129.4739681,36.7633661,300,240,공터,-,19,47930,054-789-6153
316,경상북도,울진군,구산지구,동해월송정 옥상,기성면 구산리 418-1,129.4642466,36.755058,300,280,민간건축물,미적용,22,47930,054-789-6153
317,경상북도,울진군,구산지구,구산비치모텔뒤 공터,기성면 구산리 391,129.4647454,36.7520746,300,360,공터,-,20,47930,054-789-6153
318,경상북도,울진군,금음지구,어업무선국송신소,후포면 동해대로 307-18,129.434671,36.669545,300,100,공터,-,24,47930,054-789-4900
319,경상북도,울진군,금음지구,마을뒤고지대(주차장),후포면 금음리 113-1,129.431278,36.668098,300,240,공터,-,20,47930,054-789-4900
321,경상북도,울진군,금음지구,마을뒤공터,후포면 금음리 114-6,129.429487,36.66724,200,160,공터,-,15,47930,054-789-4900
322,경상북도,울진군,금음지구,코리아모텔 뒷산,후포면 금음리 산155,129.426569,36.66582,500,250,공터,-,24,47930,054-789-4900
323,경상북도,울진군,금음지구,국도옆 산마루측구,후포면 금음리 259,129.431039,36.660888,300,80,공터,-,25,47930,054-789-4900
324,경상북도,울진군,금음지구,반소골길,후포면 금음리 산259,129.398723,36.665528,300,100,공터,-,20,47930,054-789-4900
325,경상북도,울진군,금음지구,구 7번국도,후포면 금음리 394-2,129.422408,36.64519,500,200,도로변,-,20,47930,054-789-4900
326,경상북도,울진군,기성지구,기성초등학교,기성면 척산2길 24-4,129.4494636,36.7979571,500,250,학교운동장,-,17,47930,054-789-6153
327,경상북도,울진군,기성지구,비행훈련원 기숙사,기성면 기성로 721,129.4500816,36.8023299,1000,550,공공건축물,미적용,40,47930,054-789-6153
328,경상북도,울진군,기성지구,기성리뒷산 배수지,기성면 기성리 산1-2,129.4570477,36.8037928,300,370,공터,-,30,47930,054-789-6153
329,경상북도,울진군,나곡지구3,석호마을 아파트,북면 울진북로 2234,129.373484,37.114456,330,230,민간건축물,미적용,7,47930,054-789-6153
330,경상북도,울진군,나곡지구3,한수원아파트,북면 나곡리 178-1,129.37177,37.109534,500,610,민간건축물,미적용,8,47930,054-789-6153
331,경상북도,울진군,나곡지구2,만남의 광장 앞 도로,북면 나곡리 산169,129.367804,37.128572,200,390,도로변,-,16,47930,054-789-6153
332,경상북도,울진군,나곡지구2,모텔휠파크 앞 도로,북면 나곡리 686-7,129.370648,37.124414,360,280,도로변,-,14,47930,054-789-6153
336,경상북도,울진군,노음지구,경원아파트,근남면 노음리 331-4,129.394335,36.960899,200,1800,민간건축물,미적용,6,47930,054-789-4443
338,경상북도,울진군,노음지구,노음초등학교,근남면 노음6길 22,129.39183,36.958665,300,2000,학교운동장,-,7,47930,054-789-4443
341,경상북도,울진군,덕신지구,덕신휴게소 뒷산,매화면 덕신리 255-1,129.414272,36.87947,250,780,도로변,-,25,47930,054-789-6153
342,경상북도,울진군,망양지구,망양정옛터,기성면 망양리 413-4,129.427787,36.849533,300,90,공터,-,19,47930,054-789-6153
343,경상북도,울진군,망양지구,삼성모텔 옥상,기성면  망양로 111,129.429433,36.846511,200,100,공공건축물,미적용,18,47930,054-789-6153
344,경상북도,울진군,망양지구,마을뒤고지대,기성면 망양리 515-1,129.423151,36.852577,500,300,공터,-,19,47930,054-789-6153
345,경상북도,울진군,망양지구,늘푸른민박,기성면  망양로 217-1,129.425247,36.85522,200,100,민간건축물,미적용,14,47930,054-789-6153
346,경상북도,울진군,봉산지구,공항교차로 공터,기성면 봉산리 산1-11,129.4597929,36.7882538,1000,500,공터,-,24,47930,054-789-6153
347,경상북도,울진군,봉산지구,봉산1리 개인주택,기성면 봉산리 322,129.4659341,36.7815236,300,250,민간건축물,미적용,23,47930,054-789-6153
348,경상북도,울진군,봉산지구,봉산1리 마을뒷산,기성면 봉산리 309,129.4686733,36.7803607,100,100,공터,-,26,47930,054-789-6153
349,경상북도,울진군,봉산지구,봉산2리 마을회관뒤 밭,기성면 봉산리 115-2,129.4744597,36.7705571,200,120,공터,-,15,47930,054-789-6153
350,경상북도,울진군,봉산지구,봉산2리 개인주택,기성면 구산봉산로 245-7,129.4756875,36.7691623,500,130,민간건축물,미적용,15,47930,054-789-6153
351,경상북도,울진군,봉산지구,마을뒷산 묘지,기성면 봉산리 산60,129.4741185,36.7717517,300,60,공터,-,17,47930,054-789-6153
352,경상북도,울진군,봉평2지구,죽변비취모텔뒷편,죽변면 봉평리 200 ,129.413729,37.037611,100,560,공터,-,13,47930,054-789-6153
353,경상북도,울진군,봉평2지구,봉평1리 마을회관,죽변면 골장길 67,129.411843,37.035255,100,100,공공건축물,미적용,13,47930,054-789-6153
354,경상북도,울진군,봉평1지구,골마야 산 밭,죽변면 봉평리 577 ,129.409917,37.047678,50,490,공터,-,16,47930,054-789-6153
355,경상북도,울진군,봉평1지구,이안빌라뒷편,죽변면 봉평리 산 76-1 ,129.412348,37.042692,100,170,공터,-,16,47930,054-789-6153
356,경상북도,울진군,봉평1지구,봉평 신라비전시관옆,죽변면 봉평리 산 71-3 ,129.407335,37.043939,100,560,공공건축물,미적용,17,47930,054-789-6153
358,경상북도,울진군,부구지구1,마을회관 뒤 밭,북면 부구리 159-9,129.372431,37.10386,50,80,공터,-,12,47930,054-789-6153
359,경상북도,울진군,부구지구1,부구교회 뒤 밭,북면 부구리 211-11,129.374733,37.10583,50,330,공터,-,16,47930,054-789-6153
362,경상북도,울진군,부구지구2,한중아파트 뒤 밭,북면 부구리 319-1,129.367413,37.102504,200,420,공터,-,26,47930,054-789-6153
363,경상북도,울진군,부구지구2,부구리 582-2 일대 밭,북면 부구리 528-2,129.365639,37.101492,200,180,공터,-,25,47930,054-789-6153
364,경상북도,울진군,부구지구2,사슴농장 앞 도로,북면  중흥부길 35-10,129.357159,37.102807,100,720,도로변,-,18,47930,054-789-6153
365,경상북도,울진군,사동지구,사동초등학교,기성면  해월헌길 19,129.437804,36.830099,500,90,공공건축물,미적용,15,47930,054-789-6153
366,경상북도,울진군,사동지구,사동2리 마을뒷산,기성면 사동리 275,129.443818,36.828633,100,100,공터,-,21,47930,054-789-6153
367,경상북도,울진군,사동지구,마을뒤 도로,기성면 사동리 308-1,129.445475,36.828926,300,100,공터,-,15,47930,054-789-6153
368,경상북도,울진군,사동지구,사동3리 마을뒷산,기성면 사동리 산75-1,129.444455,36.825444,100,160,공터,-,26,47930,054-789-6153
369,경상북도,울진군,사동지구,마을뒤 고지대,기성면 사동리 169,129.44646,36.823227,300,90,공터,-,15,47930,054-789-6153
370,경상북도,울진군,산포지구3,방사능센터,근남면  산포1길 34,129.402534,36.961282,300,1100,공공건축물,미적용,5,47930,054-789-4443
376,경상북도,울진군,산포지구5,산포3리 마을회관,근남면 산포리 51-1,129.416409,36.946434,100,170,공공건축물,미적용,7,47930,054-789-4443
378,경상북도,울진군,산포지구1. 2,망양정,근남면 산포리 714,129.412732,36.966585,100,130,공터,-,42,47930,054-789-4443
379,경상북도,울진군,산포지구1. 2,해맞이공원 주차장,근남면 산포리 661-3,129.412294,36.964549,300,220,공터,-,21,47930,054-789-4443
382,경상북도,울진군,삼율지구,마을뒤고지대(주차장),후포면 삼율리 432,129.438997,36.681664,500,220,공터,-,19,47930,054-789-4900
383,경상북도,울진군,삼율지구,허심장모텔옥상(휴모텔),후포면  후포삼율로 89,129.440837,36.678537,200,200,민간건축물,미적용,15,47930,054-789-4900
384,경상북도,울진군,삼율지구,삼영아파트옥상,후포면 울진대게로 24-7,129.442473,36.677247,400,150,민간건축물,미적용,20,47930,054-789-4900
385,경상북도,울진군,삼율지구,정우맨션옥상,후포면 후포삼율로 128-7,129.443616,36.681342,300,360,민간건축물,미적용,17,47930,054-789-4900
386,경상북도,울진군,삼율지구,우성플러스빌옥상,후포면 청구천길 4-8,129.444831,36.681785,300,120,민간건축물,미적용,37,47930,054-789-4900
387,경상북도,울진군,삼율지구,후포초등학교,후포면 삼율5길 8,129.441419,36.681171,9000,350,학교운동장,-,18,47930,054-789-4900
388,경상북도,울진군,삼율지구,공영하이츠옥상,후포면 정실2길 24-1,129.439106,36.677606,500,300,민간건축물,미적용,35,47930,054-789-4900
389,경상북도,울진군,삼율지구,보성장여관,후포면  후포삼율로 70,129.440494,36.676521,200,250,민간건축물,미적용,15,47930,054-789-4900
390,경상북도,울진군,삼율지구,남울진청년회의소,후포면  정실2길 104,129.435627,36.677578,300,350,민간건축물,미적용,20,47930,054-789-4900
391,경상북도,울진군,삼율지구,예다움아파트 옥상,후포면 삼율리 176-8,129.440335,36.674975,500,200,민간건축물,미적용,30,47930,054-789-4900
392,경상북도,울진군,금음지구,공장부지,후포면 금음리 산1,129.436249,36.673766,500,300,공터,-,40,47930,054-789-4900
393,경상북도,울진군,수산지구,수산리 421번지 일대,근남면 수산리 421,129.394068,36.969744,100,1500,공터,-,21,47930,054-789-4443
395,경상북도,울진군,오산지구,해양레포츠센터,매화면  오산항길 59,129.412866,36.890112,100,25,공터,-,5,47930,054-789-6153
397,경상북도,울진군,오산지구,마을 뒤 고지대,매화면 오산리 253-2,129.416821,36.893807,200,510,공터,-,9,47930,054-789-6153
400,경상북도,울진군,오산지구,오산3리 뒷산,매화면 오산리 561,129.413044,36.904447,250,450,공터,-,11,47930,054-789-6153
401,경상북도,울진군,오산지구,마을 뒤 고지대,매화면 오산리 642-1,129.414032,36.90945,380,320,공터,-,14,47930,054-789-6153
402,경상북도,울진군,죽변1. 2지구,정구장,죽변면 죽변리 1-43,129.420552,37.064061,450,680,민간건축물,미적용,26,47930,054-789-6153
403,경상북도,울진군,죽변1. 2지구,죽변면민회관,죽변면 죽변리 57-1 ,129.422542,37.061358,840,380,공공건축물,미적용,15,47930,054-789-6153
405,경상북도,울진군,죽변1. 2지구,동도빌라,죽변면  죽변9길 67-44,129.418728,37.059529,500,290,민간건축물,미적용,34,47930,054-789-6153
406,경상북도,울진군,죽변1. 2지구,죽변중고등학교,죽변면 죽변4길 19,129.4203,37.064579,500,580,학교운동장,-,21,47930,054-789-6153
407,경상북도,울진군,죽변1. 2지구,죽변초등학교,죽변면 죽변3길 17,129.421781,37.063811,450,490,학교운동장,-,17,47930,054-789-6153
410,경상북도,울진군,죽변1. 2지구,죽변119안전센터,죽변면 후정리 381-6 ,129.412672,37.055117,30,1000,공공건축물,미적용,26,47930,054-789-6153
411,경상북도,울진군,직산지구,마을뒷산 고지대,평해읍 직산리 28-2,129.475082,36.732957,84,240,공터,-,20,47930,054-789-4100
412,경상북도,울진군,직산지구,평해콘도옆 고지대,평해읍 직산리 산1,129.475067,36.732237,70,180,공터,-,18,47930,054-789-4100
413,경상북도,울진군,직산지구,직산2리 마을회관 뒷산,평해읍 직산리 산42,129.470617,36.723472,70,60,공터,-,18,47930,054-789-4100
414,경상북도,울진군,직산지구,직산보건소 뒷산,평해읍 직산리 317,129.469521,36.721387,70,180,공터,-,18,47930,054-789-4100
415,경상북도,울진군,직산지구,농협창고뒷산,평해읍 직산리 283,129.470291,36.719718,70,250,공터,-,22,47930,054-789-4100
417,경상북도,울진군,진복지구1,펜션 뒤 밭,근남면 진복리 716-3,129.414849,36.931646,100,200,공터,-,5,47930,054-789-4443
420,경상북도,울진군,진복지구2,만영수산 뒤 밭,근남면 진복리 174,129.417162,36.921837,100,175,공터,-,13,47930,054-789-4443
421,경상북도,울진군,후포지구,후포2리 뒷산,후포면 후포리 289-78,129.457216,36.684346,400,200,공터,-,35,47930,054-789-4900
422,경상북도,울진군,후포지구,후포2리마을고지대,후포면 후포리 361-1,129.458912,36.683827,100,280,공터,-,25,47930,054-789-4900
423,경상북도,울진군,후포지구,후포등기산공원,후포면 후포6길 10-24,129.461246,36.68294,800,200,공터,-,43,47930,054-789-4900
424,경상북도,울진군,후포지구,용마맨션 옥상,후포면 후포로 195,129.460817,36.681841,300,100,민간건축물,미적용,19,47930,054-789-4900
425,경상북도,울진군,후포지구,전망대,후포면 후포리 산141-13,129.464702,36.680477,200,160,공공건축물,미적용,21,47930,054-789-4900
426,경상북도,울진군,후포지구,평해광원사원아파트,후포면  울진대게로 359,129.465457,36.689227,200,100,민간건축물,미적용,19,47930,054-789-4900
427,경상북도,울진군,후포지구,마을뒷산 고지대,후포면 후포리 37,129.464291,36.688566,200,120,공터,-,20,47930,054-789-4900
428,경상북도,울진군,후포지구,후포동부초등학교,후포면 후포리 78,129.461851,36.687035,500,130,학교운동장,-,20,47930,054-789-4900
429,경상북도,울진군,후포지구,후포1리마을고지대,후포면 후포리 447-1,129.460012,36.684868,300,100,공터,-,20,47930,054-789-4900
430,경상북도,울진군,후포지구,등대산 고지대,후포면 후포리 산140,129.462739,36.684571,400,200,공터,-,25,47930,054-789-4900
431,경상북도,울진군,후포지구,후포교회,후포면 후포로 101,129.452309,36.680862,300,100,민간건축물,미적용,17,47930,054-789-4900
432,경상북도,울진군,후포지구,선재하이츠 빌라옥상,후포면  후포로 121,129.453967,36.682015,200,200,민간건축물,미적용,17,47930,054-789-4900
434,경상북도,울진군,연지지구 2. 3,연지1리 마을회관,울진읍 현내항길 307,129.415332,36.991508,200,40,공터,-,15,47930,054-789-6153
438,경상북도,울진군,온양지구 2,모텔 아리아,울진읍 온양리 127-2,129.407676,37.027622,300,320,공터,-,22,47930,054-789-6153
439,경상북도,울진군,온양지구 1,교원사택,울진읍 울진북로 925,129.405421,37.018647,500,100,공공건축물,미적용,5,47930,054-789-6153
440,경상북도,울진군,월송지구,월송2리 마을회관 뒷산,평해읍 월송리 산22-6,129.459518,36.739277,200,600,공터,-,25,47930,054-789-4100
441,경상북도,울진군,월송지구,마을뒷산 고지대,평해읍 월송리 산18,129.458223,36.741326,200,600,공터,-,27,47930,054-789-4100
442,경상북도,울진군,월송지구,월송초등학교,평해읍 월송길 59,129.458995,36.735894,388,600,학교운동장,-,15,47930,054-789-4100
445,부산광역시,강서구,대항지구,대항주차장,대항동 산 13-26,128.817874,35.028487,1000,200,도로변,-,15,26440,051-970-2973
446,부산광역시,강서구,대항지구,대항마을회관,대항동 258,128.827801,35.011952,100,70,공공건축물,미적용,10,26440,051-970-2973
447,부산광역시,기장군,공수지구,공수마을뒷산(멍두산),기장읍 당사로3길 34,129.122991,35.110005,400,550,공터,-,30.15,26710,033-123-4567
449,부산광역시,기장군,동암지구,국립수산과학원 정문 앞 도로,기장읍 기장해안로 216,129.221221,35.19479,200,500,도로변,-,13.91,26710,033-123-4567
450,부산광역시,기장군,서암-신암지구,신암마을 뒤 신도로,기장읍 연화리 208-3 일원,129.132914,35.130832,300,500,도로변,-,16.81,26710,051-709-5427
451,부산광역시,기장군,서암-신암지구,서암마을 뒤 신도로,기장읍 연화리 392 일원,129.1318,35.124668,500,200,도로변,-,28.2,26710,051-709-5427
453,부산광역시,기장군,월전-죽성지구,월전마을 야산 사거리,기장읍 죽성리 296-1 일원,129.1428,35.1428,500,520,공터,-,15.82,26710,051-709-5427
454,부산광역시,기장군,월전-죽성지구,죽성국수당,기장읍 죽성리 기장읍 257 일원,129.1636,35.1945,500,400,공터,-,16.47,26710,051-709-5427
455,부산광역시,기장군,학리-이동지구,학리마을 뒷산,일광면 학리4길 20-6 일원,129.243405,35.256975,300,300,공터,-,22.6,26710,051-709-5427
456,부산광역시,기장군,학리-이동지구,이동마을 뒷산,이천리 221-4 일원,129.143692,35.162448,400,500,공터,-,14.1,26710,051-709-5427
457,부산광역시,기장군,학리-이동지구,한국유리 본관 앞 주차장,일광면 일광로 188,129.143028,35.155954,80,200,공터,-,13.6,26710,051-709-5427
458,부산광역시,기장군,칠암-문동지구,문동마을 뒷산,일광면 창마을길 19-3,129.254033,35.287398,500,600,공터,-,41.75,26710,051-709-5427
459,부산광역시,기장군,칠암-문동지구,칠암초등학교,일광면 박영준길 19,129.255455,35.298855,300,200,공공건축물,1등급,11.1,26710,051-727-0760
461,부산광역시,기장군,동백지구,부경대수산과학연구소 앞 야산,일광면 동백리 241-3 일원,129.152434,35.170725,650,320,공터,-,17.1,26710,051-709-5427
462,부산광역시,기장군,월내-길천지구,고리스포츠문화센터,장안읍 길천리 85 일원,129.287951,35.329468,1500,500,공공건축물,1등급,14.46,26710,051-726-5195
464,부산광역시,기장군,월내-길천지구,기장문화예절학교,장안읍 해맞이로 311-31,129.268943,35.325828,900,550,공공건축물,2등급,34.06,26710,051-728-8022
465,부산광역시,기장군,월내-길천지구,월내야산(삼막골),장안읍 월내리 286-2 일원,129.1636,35.1945,700,400,공터,-,26.26,26710,051-709-5427
466,부산광역시,기장군,임랑지구,임랑야산(대덕사),장안읍 임랑리 97-10 일원,129.277202,35.327456,350,400,공터,-,11.4,26710,051-709-5427
467,부산광역시,남구,섶자리지구,동생말 언덕,부산광역시 남구 용호동 산 5-4,129.118299,35.127632,300,1000,도로변,-,25,26290,051-607-4645
468,부산광역시,남구,섶자리지구,이기대 산책로 입구,부산광역시 남구 용호동 5-21,129.120527,35.132165,200,50,도로변,-,20,26290,051-607-4645
469,부산광역시,사하구,다대1지구,몰운대공터,몰운대1길 61(다대1동 469-2),128.969475,35.044873,1000,600,공터,-,10,26380,051-220-4624
470,부산광역시,사하구,다대2지구,낫개공터,다대2동 1-7,128.956127,35.05953,100,340,공터,-,10,26380,051-220-4624
471,부산광역시,사하구,다대2지구,두송종합사회복지관앞주차장,다송로 59(다대2동 96-1),128.985225,35.062103,300,656,공터,-,27,26380,051-220-4624
472,부산광역시,서구,송도해수욕장 지구,송도 탑스빌 광장,부산 서구 암남동 261-10,129.018496,35.078376,1000,153,도로변,-,29.8,26140,051-240-4654
473,부산광역시,서구,송도해수욕장 지구,송도해수욕장 공영주차장,부산 서구 암남공원로 25,129.01575,35.073762,1000,75,공공건축물,미적용,22.8,26140,051-240-4654
474,부산광역시,서구,송도해수욕장 지구,송도공원 주차장 앞 공터,부산 서구 암남동 611-3,129.018225,35.070664,1000,100,공터,-,34.7,26140,051-240-4654
475,부산광역시,서구,암남공원 지구,암남공원,부산 서구 암남동 산193-4,129.020157,35.062396,5000,200,공터,-,36,26140,051-240-4654
476,부산광역시,서구,한진매립지 지구,송림공원,부산 서구 송도해변로 167,129.022788,35.077357,3000,120,공터,-,10,26140,051-240-4654
477,부산광역시,수영구,광안지구,한바다중학교,수영구 광안로 21번가길 57,129.118085,35.157414,1500,445,학교운동장,미적용,11,26500,051-610-4646
478,부산광역시,수영구,광안지구,광안초등학교,수영구 광안로 21번가길 35,129.11678,35.157418,1500,450,학교운동장,-,11,26500,051-610-4646
479,부산광역시,수영구,남천지구,수영구청,수영구 남천동로 100,129.113419,35.145921,1000,410,공공건축물,미적용,21,26500,051-610-4646
480,부산광역시,수영구,남천지구,코오롱하늘채아파트,수영구 남천동로 41,129.112313,35.142663,1000,370,민간건축물,-,28,26500,051-610-4646
481,부산광역시,수영구,민락지구,진조말산,수영구 민락동 113,129.130263,35.157697,1000,370,공터,-,48,26500,051-610-4646
482,부산광역시,수영구,민락지구,백산,수영구 민락동 327-2,129.126165,35.162783,1500,650,공터,-,40,26500,051-610-4646
483,부산광역시,해운대구,동해안지구,해운대청소년수련원일대,송정동 산86-25일원,129.195498,35.173852,20000,845,공터,-,40,26350,051-749-6164
484,부산광역시,해운대구,동해안지구,죽도공원,송정동 산52-1일원,129.205383,35.17945,10000,686,공터,-,20,26350,051-749-6165
485,부산광역시,해운대구,동해안지구,동백공원,우동 710-1 일원,129.151932,35.153587,20000,1000,공터,-,50,26350,051-749-6162
486,부산광역시,해운대구,동해안지구,달맞이고개,중동 974-1 일원,129.182299,35.156866,30000,1000,공터,-,50,26350,051-749-6163
487,울산광역시,남구,장생포해안지구,장생포초등학교,장생포동 329(장생포고래로 125번길 -5),129.368254,35.503481,500,140,학교운동장,-,11,31140,052-268-8882
488,울산광역시,남구,장생포해안지구,장생포항 야산,장생포동 산102-1,129.371267,35.502707,200,250,공터,-,12,31140,052-266-3501
489,울산광역시,남구,장생포해안지구,태영인더스트리사택 앞 주차장,장생포동 267-7,129.374527,35.505649,200,360,공터,-,18,31140,052-266-3501
490,울산광역시,남구,장생포해안지구,장생포복지문화센터    ,장생포고래로 215(장생포동 41-4),129.377578,35.502885,100,60,공공건축물,2등급,17,31140,052-226-2651
493,울산광역시,동구,방어지구,성끝마을 수협위판장 뒤 야산,울산 동구 방어동 18-32,129.432083,35.484407,300,150,공터,-,18,31170,052-209-3688
494,울산광역시,동구,방어지구,방어진초등학교(운동장),울산 동구 꽃바위로 341(구. 방어동 146번지),129.424769,35.487426,800,500,학교운동장,-,17,31170,052-209-3688
495,울산광역시,동구,방어지구,화암초등학교(운동장),울산 동구 화문로 55(구. 방어동 1150번지),129.415682,35.484362,800,300,학교운동장,-,21,31170,052-209-3688
496,울산광역시,동구,일산지구,고늘마을 현대주차장 옆 공터,울산 동구 일산동 305-4,129.434494,35.501862,300,160,공터,-,28,31170,052-209-3688
497,울산광역시,동구,일산지구,일산지 공영주차장,울산 동구 일산동 963,129.428744,35.49461,300,230,공터,-,17,31170,052-209-3688
498,울산광역시,동구,일산지구,대왕암 앞 공영주차장,울산 동구 등대로 95(구. 일산동 901-8번지),129.433628,35.491211,300,170,공터,-,18,31170,052-209-3688
499,울산광역시,동구,주전지구,주전 커피나뜨래 뒤 야산,울산 동구 주전동 14,129.452916,35.566976,300,200,공터,-,18,31170,052-209-3688
500,울산광역시,동구,주전지구,주전초등학교(운동장),울산 동구 동해안로 575(구. 주전동 277번지),129.456926,35.558205,500,90,학교운동장,-,18,31170,052-209-3688
501,울산광역시,북구,구유지구,정자오피스텔 주차장,동해안로 1350(구유동 232),129.45707,35.611467,300,100,공터,-,12,31200,052-241-7896
502,울산광역시,북구,구유지구,복성마을 야산,구유동 산 64,129.455147,35.607875,100,150,공터,-,22,31200,052-241-7896
503,울산광역시,북구,구유지구,제전마을 야산,구유동 82-3,129.457451,35.605254,200,200,공터,-,20,31200,052-241-7896
504,울산광역시,북구,당사지구,우가경로당 주차장,동해안로 1114(당사동 116-5),129.462936,35.595775,30,70,공터,-,12,31200,052-241-7896
505,울산광역시,북구,당사지구,강동축구장 주차장,당사동 214,129.456464,35.587707,300,300,공터,-,18,31200,052-241-7896
506,울산광역시,북구,당사지구,추억의 학교 운동장,동해안로 861(당사동 465-2),129.45464,35.581876,200,150,공터,-,14,31200,052-241-7896
507,울산광역시,북구,당사지구,어물동 야산,어물동 산 372,129.449477,35.575367,300,200,공터,-,15,31200,052-241-7896
508,울산광역시,북구,산하지구,시코어 호텔 주차장,동해안로 1688(산하동 55-1),129.441828,35.63422,200,80,공터,-,11,31200,052-241-7896
509,울산광역시,북구,신명지구,지경IC,신명동 산 1-2,129.44786,35.651001,100,150,공터,-,20,31200,052-241-7896
510,울산광역시,북구,신명지구,신명동 야산,신명동 134-2,129.439227,35.644428,100,230,공터,-,24,31200,052-241-7896
511,울산광역시,북구,신명지구,교육수련원 운동장,동해안로 1769(신명동 153-5),129.439443,35.641358,200,150,공터,-,11,31200,052-241-7896
512,울산광역시,북구,정자지구,알로하모텔 주차장,동해안로 1517(정자동 435),129.4457,35.62136,300,100,공터,-,13,31200,052-241-7896
513,울산광역시,북구,정자지구,벽산 아진아파트 주차장,동해안로 1502(정자동 3),129.447597,35.619948,500,100,공터,-,21,31200,052-241-7896
514,울산광역시,북구,정자지구,(구)강동초등학교 운동장,무룡로 1119-6(정자동 321),129.446843,35.615877,400,250,공터,-,11,31200,052-241-7896
515,울산광역시,북구,정자지구,(구)강동중학교 운동장,무룡로 1093(정자동 272),129.444137,35.613924,400,500,공터,-,16,31200,052-241-7896
530,경상북도,포항시남구,강사1지구,오륙도 주유소 옆 공터,남구 호미곶면강사리 212-1,129.577848,36.035997,64,390,공터,-,14,47111,054-270-8282
531,경상북도,포항시남구,강사2지구,해송모텔 앞,남구 호미곶면강사리 756-5,129.576221,36.055162,20,670,공터,-,18,47111,054-270-8282
532,경상북도,포항시남구,강사2지구,강사교회 앞 공터,남구 호미곶면강사리 424-2,129.577206,36.047068,21,670,공터,-,20,47111,054-270-8282
533,경상북도,포항시남구,계원지구,등대회식당 버스승강장,남구 장기면계원리 26-3,129.530252,35.867752,50,278,공터,-,35,47111,054-270-8282
534,경상북도,포항시남구,계원지구,계원주유소 앞,남구 장기면계원리 324,129.525361,35.861353,47,240,공터,-,16,47111,054-270-8282
535,경상북도,포항시북구,곡강지구,칠포해수욕장위부대앞,북구 흥해읍칠포리 산109-10,129.396454,36.13286,30,400,공터,-,37,47113,054-270-8282
536,경상북도,포항시북구,곡강지구,곡강3리 마을뒷편 공터,북구 흥해읍곡강리 산 87,129.398819,36.127699,28,300,공터,-,25,47113,054-270-8282
537,경상북도,포항시남구,구룡포지구,구룡포중학교 앞,남구 구룡포읍 용주로 28  (구룡포리 316),129.564518,35.992519,500,100,학교운동장,-,11,47111,054-270-8282
538,경상북도,포항시남구,구룡포지구,호미로 395 도로,남구 구룡포읍 호미로 395  (구룡포리 331-18),129.565363,35.99451,250,160,공터,-,10,47111,054-270-8282
539,경상북도,포항시남구,구룡포지구,충혼탑 앞,남구 구룡포읍구룡포길 145-10  (구룡포리 382-7),129.560764,35.991542,150,130,공터,-,19,47111,054-270-8282
540,경상북도,포항시남구,구룡포지구,해은사 앞,남구 구룡포읍구룡포리 13-8,129.565305,35.997857,320,160,공터,-,12,47111,054-270-8282
541,경상북도,포항시남구,구룡포지구,구룡포 초등학교 앞,남구 구룡포읍 구룡포길 61  (구룡포리 765-1),129.551992,35.99081,400,300,학교운동장,-,18,47111,054-270-8282
542,경상북도,포항시남구,구만지구,구만리 389-1 주변,남구 호미곶면구만리 389-1 ,129.550861,36.081356,100,475,공터,-,29,47111,054-270-8282
543,경상북도,포항시남구,구평지구,구평리 115-3 도로 옆 공터,남구 구룡포읍구평리 115-3,129.533744,35.944838,88,470,공터,-,27,47111,054-270-8282
544,경상북도,포항시남구,대동배지구,대동배1리마을뒷산,남구 호미곶면대동배리 359,129.534475,36.058202,30,500,공터,-,33,47111,054-270-8282
545,경상북도,포항시남구,대동배지구,대동배1리보건진료소 앞,남구 호미곶면대동배리 420-2,129.531125,36.055624,40,180,공터,-,15,47111,054-270-8282
546,경상북도,포항시남구,대동배지구,대동배2리버스승강장앞,남구 호미곶면대동배리 48-2,129.540546,36.065015,30,250,공터,-,26,47111,054-270-8282
547,경상북도,포항시남구,대동배지구,대동배2리마을 뒤,남구 호미곶면대동배리 산 26-6,129.537621,36.065729,47,150,공터,-,28,47111,054-270-8282
548,경상북도,포항시남구,도구지구,동해초등학교 앞,남구 동해면 일월로 78  (도구리 670),129.44123,35.987762,52,460,학교운동장,-,11,47111,054-270-8282
549,경상북도,포항시남구,두원지구,두원리 버스승강장 앞,남구 장기면두원리 523-15,129.515796,35.843586,55,193,공터,-,8,47111,054-270-8282
550,경상북도,포항시남구,두원지구,두원주유소 앞 ,남구 장기면두원리 57-1,129.518114,35.84891,42,425,공터,-,22,47111,054-270-8282
551,경상북도,포항시북구,두호지구,두호1어린이공원,북구 두호동1092,129.381502,36.064505,1300,1150,공터,-,15,47113,054-270-8282
552,경상북도,포항시북구,두호지구,학산5어린이공원,북구 항구동345,129.375586,36.057121,1013,330,공터,-,20,47113,054-270-8282
553,경상북도,포항시북구,두호지구,포항고등학교 앞,북구 아호로 50 (학산동288),129.371572,36.05655,2000,1130,학교운동장,-,26,47113,054-270-8282
554,경상북도,포항시남구,모포지구,모포초등학교 앞,남구 장기면모포길 57-1  (모포리 94-2),129.523437,35.934327,20,500,학교운동장,-,10,47111,054-270-8282
555,경상북도,포항시남구,모포지구,대진주유소 앞 ,남구 장기면대진리 87-3,129.517386,35.923033,20,420,공터,-,17,47111,054-270-8282
556,경상북도,포항시남구,발산지구,발산교회 옆 공터,남구 동해면 호미로 2325  (발산리 376-1),129.507787,36.03354,30,400,공터,-,19,47111,054-270-8282
557,경상북도,포항시남구,발산지구,발산2리 마을뒤 공터,남구 동해면발산리 116-2,129.51922,36.045242,31,530,공터,-,30,47111,054-270-8282
558,경상북도,포항시북구,방석지구,1박2일펜션 앞,북구 송라면방석리 104,129.38109,36.234387,453,600,공터,-,23,47113,054-270-8282
559,경상북도,포항시북구,방석지구,조사리버스승강장 앞,북구 송라면조사리 71-12,129.384556,36.222801,120,200,공터,-,13,47113,054-270-8282
560,경상북도,포항시북구,방어지구,방어침례교회 앞,북구 청하면방어리 122,129.381692,36.212288,200,200,공터,-,13,47113,054-270-8282
561,경상북도,포항시북구,방어지구,월포백번횟집앞,북구 청하면해안로 2484-11  (방어리 313),129.376801,36.208762,150,100,공터,-,13,47113,054-270-8282
562,경상북도,포항시남구,병포지구,구. 포항과학기술고등학교 앞 ,남구 구룡포읍병포길52번길 17  (병포리 139-1),129.550374,35.983229,250,760,학교운동장,-,11,47111,054-270-8282
563,경상북도,포항시남구,병포지구,경북대수련원 앞 공터,남구 구룡포읍하정리 31-3,129.550799,35.975646,80,670,공터,-,16,47111,054-270-8282
564,경상북도,포항시남구,삼정지구,포스코수련원 앞,남구 구룡포읍삼정리 95-3,129.576731,36.00964,80,260,공터,-,11,47111,054-270-8282
565,경상북도,포항시남구,삼정지구,MGM 그랜드모텔 앞,남구 구룡포읍삼정리 489-2,129.56851,36.000136,60,260,공터,-,17,47111,054-270-8282
566,경상북도,포항시남구,삼정지구,삼정2리 버스승강장 앞,남구 구룡포읍 일출로 125  (삼정리 148-40),129.574174,36.005556,60,186,공터,-,20,47111,054-270-8282
567,경상북도,포항시남구,석병지구,대성수산 입구 앞,남구 구룡포읍석병리 20-1,129.578163,36.031566,30,700,공터,-,20,47111,054-270-8282
568,경상북도,포항시남구,석병지구,구룡포청소년회관 앞,남구 구룡포읍석병리 251,129.574099,36.029447,30,1150,공터,-,48,47111,054-270-8282
569,경상북도,포항시남구,석병지구,석병교회 옆,남구 구룡포읍일출로 318  (석병리 640-2),129.578072,36.021616,40,500,공터,-,27,47111,054-270-8282
570,경상북도,포항시북구,송도1지구,포항시립아트홀 앞,북구 덕산동129-1,129.364215,36.041881,100,1560,공터,-,10,47113,054-270-8282
571,경상북도,포항시남구,송도2지구,송도초등학교 ,남구 송도동311-285,129.379987,36.033809,15387,540,학교운동장,-,6,47111,054-270-8282
572,경상북도,포항시남구,신창지구,신창리 산15-1 공터,남구 장기면신창리 산13-1,129.525119,35.900656,30,300,공터,-,26,47111,054-270-8282
573,경상북도,포항시남구,신창지구,신창리 산405-7 공터,남구 장기면신창리 479-4,129.526631,35.885252,30,200,공터,-,19,47111,054-270-8282
574,경상북도,포항시남구,신창지구,신창리 산 52번지 공터,남구 장기면신창리 산 52번지 ,129.522999,35.89218,48,150,공터,-,15,47111,054-270-8282
575,경상북도,포항시남구,양포지구,양포초등학교 앞,남구 장기면양포리 487-18,129.513163,35.876275,200,586,학교운동장,-,10,47111,054-270-8282
576,경상북도,포항시남구,양포지구,신창리 400-1앞 도로 옆 공터,남구 장기면신창리 400-1,129.526961,35.884201,65,640,공터,-,25,47111,054-270-8282
577,경상북도,포항시남구,영암지구,영암분교 앞,남구 장기면영암길 70  (영암리 344-2),129.525131,35.910007,50,315,학교운동장,-,16,47111,054-270-8282
578,경상북도,포항시남구,영암지구,영암리 버스승강장 앞,남구 장기면영암리 101-2,129.525903,35.903872,39,215,공터,-,18,47111,054-270-8282
579,경상북도,포항시북구,오도지구,사랑의유람선 앞 ,북구 흥해읍오도리 74-7,129.397882,36.163778,30,200,공터,-,17,47113,054-270-8282
580,경상북도,포항시북구,오도지구,작은펜션 앞 공터 ,북구 흥해읍오도리 246-3,129.396314,36.157968,30,200,공터,-,35,47113,054-270-8282
581,경상북도,포항시북구,오도지구,오도해수욕장 입구,북구 흥해읍오도리 359-3,129.398375,36.154187,28,150,공터,-,21,47113,054-270-8282
582,경상북도,포항시북구,용두지구,오션뷰 펜션 앞 ,북구 청하면용두리 49-2,129.369757,36.19476,153,600,공터,-,20,47113,054-270-8282
583,경상북도,포항시북구,용한지구,용한1리 마을입구 ,북구 흥해읍용한리 산 41-1,129.426578,36.110108,21,200,공터,-,36,47113,054-270-8282
584,경상북도,포항시북구,월포지구,월포다리 뒤 공터,북구 청하면 해안로 2452  (월포리 3-17),129.372792,36.208079,106,200,공터,-,10,47113,054-270-8282
585,경상북도,포항시북구,월포지구,월포초교 뒷뜰앞,북구 청하면용두리 575-4,129.364987,36.203299,900,800,공터,-,14,47113,054-270-8282
586,경상북도,포항시북구,이가지구,이가힐펜션 앞,북구 청하면이가리 555-4,129.383847,36.184374,80,450,공터,-,20,47113,054-270-8282
587,경상북도,포항시북구,이가지구,이가리 산23-1 일원,북구 청하면이가리 산23-1,129.381904,36.185618,40,50,공터,-,20,47113,054-270-8282
588,경상북도,포항시남구,임곡지구,임곡1리 버스승강장 앞,남구 동해면임곡리 543-8,129.457558,35.994342,20,200,공터,-,29,47111,054-270-8282
589,경상북도,포항시남구,임곡지구,청룡회관 입구 ,남구 동해면임곡리 309-3,129.461034,36.000437,21,300,공터,-,33,47111,054-270-8282
590,경상북도,포항시남구,입암지구,옛네식당 옆 공터,남구 동해면입암리 666-2,129.467198,36.007458,21,180,공터,-,33,47111,054-270-8282
591,경상북도,포항시남구,입암지구,입암2리마을회관 앞 공터,남구 동해면입암리 424-3,129.477202,36.013348,20,175,공터,-,27,47111,054-270-8282
592,경상북도,포항시북구,죽천지구,죽천초등학교 앞,북구 흥해읍죽천길185번길 30 (우목리 105),129.427807,36.098536,120,200,학교운동장,-,30,47113,054-270-8282
593,경상북도,포항시북구,죽천지구,죽천마을입구 앞 버스정류장,북구 흥해읍 죽천리 146-2,129.417658,36.091378,20,300,공터,-,21,47113,054-270-8282
594,경상북도,포항시북구,죽천지구,해뜨는집 앞 공터 ,북구 흥해읍죽천리 173-16,129.417614,36.088858,30,400,공터,-,32,47113,054-270-8282
595,경상북도,포항시북구,지경지구,지경검문소 앞 공터,북구 송라면지경리 199-2,129.374375,36.262935,60,300,공터,-,18,47113,054-270-8282
596,경상북도,포항시북구,지경지구,화진휴게소 앞 공터,북구 송라면 지경리 331-5,129.371937,36.254449,200,300,공터,-,15,47113,054-270-8282
597,경상북도,포항시북구,지경지구,화진교 옆 공터,북구 송라면지경리 412-1,129.370156,36.2504,60,450,공터,-,10,47113,054-270-8282
598,경상북도,포항시남구,청림지구,청림초등학교 앞,남구 정몽주로 890 (청림동 950),129.404211,35.995694,200,1750,학교운동장,-,14,47111,054-270-8282
599,경상북도,포항시남구,청림지구,해병대 북문 주변,남구  동해안로 5923 (일월동 675-1),129.414684,35.994208,100,1040,공터,-,13,47111,054-270-8282
600,경상북도,포항시북구,청진지구,청진1리 GS주유소 앞 ,북구 청하면청진리 78,129.390402,36.179154,50,250,공터,-,32,47113,054-270-8282
601,경상북도,포항시북구,청진지구,스타팜펜션 앞 공터 ,북구 청하면해안로 1889-11 (청진리 413),129.396365,36.170667,50,100,공터,-,18,47113,054-270-8282
602,경상북도,포항시북구,청진지구,선정마을입구 앞 ,북구 청하면청진리 309,129.392877,36.174767,50,450,공터,-,23,47113,054-270-8282
603,경상북도,포항시북구,칠포1지구,칠포1리 고지대,북구 흥해읍칠포리 54-4,129.396857,36.145546,243,200,공터,-,18,47113,054-270-8282
604,경상북도,포항시북구,칠포2지구,칠포2주유소 앞 공터,북구 흥해읍칠포리 265-1,129.392479,36.140917,34,200,공터,-,18,47113,054-270-8282
605,경상북도,포항시남구,하정지구,하정축양장 앞 공터,남구 구룡포읍하정리 119-9,129.552429,35.970499,30,710,공터,-,13,47111,054-270-8282
606,경상북도,포항시남구,하정지구,하정리 269번지 도로,남구 구룡포읍하정리 269,129.546723,35.965697,30,320,공터,-,15,47111,054-270-8282
607,경상북도,포항시남구,하정지구,장길리교회 앞,남구 구룡포읍장길리 109-3,129.545322,35.954784,33,425,공터,-,20,47111,054-270-8282
608,경상북도,포항시남구,호미곶지구,해맞이광장입구 버스승강장,남구 호미곶면대보리 294-2,129.565001,36.076651,30,570,공터,-,12,47111,054-270-8282
609,경상북도,포항시남구,호미곶지구,호미곶면사무소 앞,남구 호미곶면구만리 47-6,129.555732,36.080964,40,600,공터,-,22,47111,054-270-8282
610,경상북도,포항시남구,호미곶지구,대천수산 입구 ,남구 호미곶면대보리 15-9,129.570195,36.065226,30,250,공터,-,17,47111,054-270-8282
611,경상북도,포항시남구,호미곶지구,대보초등학교 앞,남구 호미곶면보천길 16  (구만리 123),129.557246,36.078595,103,500,학교운동장,-,12,47111,054-270-8282
612,경상북도,포항시북구,화진지구,화진1리 버스정류장 옆,북구 송라면화진리 261-1,129.382442,36.236767,60,900,공터,-,25,47113,054-270-8282
613,경상북도,포항시북구,화진지구,화진2리 비취모텔 앞,북구 송라면화진리 185-3,129.381601,36.239719,358,300,공터,-,23,47113,054-270-8282
614,경상북도,포항시북구,환여지구,해안로511번길,북구 해안로511번길 9 (여남동   97),129.413107,36.073636,403,250,공터,-,30,47113,054-270-8282
615,경상북도,포항시북구,환여지구,포항해양과학고 앞,북구 환호동2_8,129.406266,36.073914,400,500,학교운동장,-,22,47113,054-270-8282
616,경상북도,포항시북구,환여지구,환호 여중 앞,북구  삼호로 480-8 (환호동 69),129.400413,36.071233,500,800,학교운동장,-,16,47113,054-270-8282
617,경상북도,포항시북구,환여지구,환호동해맞이공원,북구 환호동323_3,129.395057,36.068093,11500,500,공터,-,17,47113,054-270-8282
618,경상북도,포항시남구,흥환지구,마산리 버스승강장 앞 공터,남구 동해면마산리 247-2,129.48689,36.015477,20,200,공터,-,32,47111,054-270-8282
619,경상북도,포항시남구,흥환지구,마산리 마을 뒤 공터,남구 동해면마산리 69-1,129.489447,36.015485,20,320,공터,-,21,47111,054-270-8282
620,경상북도,포항시남구,흥환지구,흥환주유소 옆 공터,남구 동해면흥환리 442-4,129.506846,36.024413,20,575,공터,-,26,47111,054-270-8282
621,경상북도,포항시남구,흥환지구,흥환리 마을회관 뒷산,남구 동해면흥환리 320,129.503968,36.026099,12,100,공터,-,16,47111,054-270-8282
622,부산광역시,기장군,대변지구,대항교회,기장읍 대변리 149,129.228534,35.22617,300,350,민간건축물,미적용,11,26710,051-721-2269
623,부산광역시,기장군,동암지구,힐튼호텔 앞 도로,기장읍 기장해안로 268-31,129.133168,35.115085,500,300,도로변,-,20.7,26710,051-709-5427
625,강원도,동해시,추암지구,할미바위 옆 쉼터,구미동 산5-1,129.1454458,37.4907787,200,400,공터,-,15,42170,033-530-2313
626,강원도,동해시,추암지구,하수종말처리장,구미동 산5-9,129.1434019,37.4905047,100,500,도로변,-,30.9,42170,033-530-2313
627,강원도,동해시,추암지구,추암택지,추암동 24-2,129.1560674,37.4758117,500,500,도로변,-,34.7,42170,033-530-2313
628,강원도,삼척시,호산지구,호산항뒷산공터,호산리 309,129.341531,37.174803,250,350,공터,-,26,42230,033-570-3887
630,강원도,삼척시,신남지구,돌기해삼배양장,신남길 27(갈남리 456-1번지),129.323466,37.265899,100,321,공터,-,21,42230,033-570-3887
631,강원도,삼척시,용화지구,해상로프웨이,용화리 6,129.308218,37.289124,200,150,공공건축물,1등급,30,42230,033-570-3887
632,강원도,삼척시,상맹방1지구,국도굴다리옆공터,상맹방리 229-4,129.204345,37.404599,100,250,도로변,-,13,42230,033-570-3887
633,강원도,삼척시,하맹방지구,삼림욕장공터,근덕면 하맹방리 221-7,129.227908,37.392228,300,100,공터,-,15,42230,033-570-3887
634,강원도,삼척시,후진지구,쏠비치주자창,수로부인길 453 (증산동산61-3번지),129.164759,37.472401,200,580,공터,-,40,42230,033-570-3887
635,강원도,양양군,낙산지구,전진리야산,산8-2,128.6322583,38.1198806,500,150,공터,-,30,42830,033-670-2247
636,경상북도,포항시남구,삼정지구,남구 구룡포읍 석병리 904-2,남구 구룡포읍 석병리 904-2,129.576528,36.014763,68,300,공터,-,25,47111,054-270-8282
637,경상북도,포항시남구,구만지구,남구 호미곶면 구만길 128,남구 호미곶면구만길 128,129.548189,36.084281,94,300,공터,-,20,47111,054-270-8282
638,경상북도,영덕군,대진1지구,대진1리 마을뒤 야산,체험마을길 51(대진리 401-16),129.429326,36.561831,150,230,공터,-,30,47770,054-730-6521
639,경상북도,울진군,읍남지구 2,읍남리 145번지일대밭,울진읍 읍남리 152-1 ,129.408393,36.985813,100,210,공터,-,23,47930,054-789-6153
640,경상북도,울진군,연지지구 1,연지리406-1번지 일대,울진읍 연지리 401-10,129.409089,37.00224,100,550,공터,-,22,47930,054-789-6153
641,경상북도,울진군,연지지구 1,연지리495-1번지 도로일대,울진읍 연지리 495-1,129.416483,37.005024,300,240,도로변,-,26,47930,054-789-6153
642,경상북도,울진군,온양지구 1,온양리 175번지 일대,울진읍 온양리 175 ,129.406909,37.025328,100,220,공터,-,17,47930,054-789-6153
643,경상북도,울진군,온양지구 2,동회관 뒷 편 통로박스,울진읍 온양리 224-27,129.405421,37.018647,50,190,공터,-,15,47930,054-789-6153
644,경상북도,울진군,읍남지구 1,읍남리 102-1번지 마을뒤 언덕,울진읍 읍남리 102-1,129.405716,36.980846,100,340,공터,-,9,47930,054-789-6153
645,경상북도,울진군,온양지구 1,온양2리 마을회관 뒷 산,울진읍 온양리 127-2,129.407676,37.027622,100,130,공터,-,25,47930,054-789-6153
646,경상북도,울진군,부구지구1,용궁모텔 뒤 밭,북면 울진북로 2081,129.370835,37.102245,100,520,공터,-,24,47930,054-789-6153
647,경상북도,울진군,부구지구1,북면사무소,북면 부구3길 12,129.372869,37.104879,100,200,공공건축물,미적용,8,47930,054-789-6153
648,경상북도,울진군,나곡지구3,한수원정문,북면 나곡리 148-2,129.371153,37.107802,560,880,민간건축물,미적용,21,47930,054-789-6153
649,경상북도,울진군,나곡지구2,나곡리 725-2일대 밭,북면 나곡리 725-2,129.369187,37.125345,200,390,공터,-,15,47930,054-789-6153
650,경상북도,울진군,나곡지구1,나곡리 1146-3주변,북면 나곡리 산14-16,129.361378,37.14178,100,410,공터,-,33,47930,054-789-6153
651,경상북도,울진군,나곡지구1,금세골,북면 나곡리 1134,129.359735,37.143718,100,170,공터,-,49,47930,054-789-6153
652,경상북도,울진군,수산지구,수산리 493번지 공터,근남면 수산리 493,129.397109,36.973011,300,1200,공터,-,10,47930,054-789-4443
653,경상북도,울진군,수산지구,수산리 483-1번지 일대,근남면 수산리 483-1,129.397837,36.971833,80,1200,공터,-,12,47930,054-789-4443
654,경상북도,울진군,산포지구5,산포리 92번지 일대 밭,근남면 산포리 312,129.415292,36.947544,100,250,공터,-,8,47930,054-789-4443
655,경상북도,울진군,산포지구5,산포리 313번지 일대 밭,근남면 산포리 313,129.41517,36.947661,100,250,공터,-,20,47930,054-789-4443
656,경상북도,울진군,산포지구4,산포리 523번지 일대 밭,근남면 산포리 523,129.413565,36.95774,150,220,공터,-,11,47930,054-789-4443
657,경상북도,울진군,산포지구3,산포리 1030-4번지 일대 밭,근남면 산포리 1030-4,129.408709,36.95873,100,630,공터,-,14,47930,054-789-4443
658,경상북도,울진군,산포지구4,산포리 18번지 일대 밭,근남면 산포리 18,129.416301,36.954601,150,130,공터,-,17,47930,054-789-4443
659,경상북도,울진군,산포지구1. 2,산포리 641-2번지 도로일대,근남면 산포리 642,129.412227,36.961896,100,200,도로변,-,14,47930,054-789-4443
660,경상북도,울진군,노음지구,근남문화체육센터,근남면  울진북로 151-3,129.395582,36.963613,300,1700,공공건축물,미적용,6,47930,054-789-4443
661,경상북도,울진군,진복지구2,진복2리 복지회관 뒤 밭,근남면 진복리 231-2,129.415913,36.918327,150,80,공터,-,9,47930,054-789-4443
662,경상북도,울진군,진복지구1,진복리 651번지 일대,근남면 진복리 651,129.413523,36.929216,300,320,공터,-,8,47930,054-789-4443
663,경상북도,울진군,진복지구1,진복리 522번지 일대 공터,근남면 진복리 522,129.414516,36.926987,100,325,공터,-,19,47930,054-789-4443
664,경상북도,울진군,죽변1. 2지구,용진모텔 뒤공터,죽변면 후정리 294,129.417238,37.057798,100,610,공터,-,16,47930,054-789-6153
665,경상북도,울진군,삼율지구,마을뒷산 고지대,후포면 후포리 산96-17,129.44187,36.67938,400,100,공터,-,20,47930,054-789-4900
666,경상북도,울진군,후포지구,등기산 주차장,후포면 후포리 563,129.463525,36.681837,800,160,공터,-,25,47930,054-789-4900
667,경상북도,울진군,오산지구,오산2리 마을 뒤 남쪽 고지대,매화면 오산리 238,129.417633,36.894381,100,340,공터,-,43,47930,054-789-6153
668,경상북도,울진군,오산지구,오산2리 마을 뒤 북쪽 고지대,매화면 오산리 106-4,129.418581,36.897202,100,180,공터,-,18,47930,054-789-6153
669,경상북도,울진군,덕신지구,덕신감리교회뒷편,매화면 덕신리 407-2,129.414481,36.884086,250,220,공터,-,6,47930,054-789-6153
670,경상북도,울진군,덕신지구,덕신리 마을 뒷산,매화면 덕신리 476-1,129.413244,36.887089,250,230,공터,-,11,47930,054-789-6153
671,경상북도,울진군,덕신지구,마을 뒤 고지대 밭,매화면 덕신리 317,129.413243,36.882225,250,670,공터,-,11,47930,054-789-6153
672,경상북도,울진군,오산지구,순복음교회 뒷산,매화면 오산리 294,129.414937,36.892792,150,360,공터,-,11,47930,054-789-6153
673,경상북도,울릉군,통구미지구,통구미경로당,경상북도 울릉군 서면 통구미길 36,130.856036,37.462839,50,387,공공건축물,미적용,51,47940,054-790-6332
674,울산광역시,남구,장생포해안지구,고래문화마을 주차장   ,장생포동 232(매암동 237),129.379526,35.505382,300,280,공터,-,21,31140,052-226-0304
675,경상북도,울진군,연지지구 2.  3,대동빌라,울진읍  현내항길 191,129.41432,36.991621,180,60,도로변,-,25,47930,054-789-6153
676,울산광역시,울주군,신암지구,서생중학교운동장     ,당물길 1 (신암리 8-1),129.33111,35.350637,300,350,학교운동장,-,15,31710,052-229-8213
677,울산광역시,울주군,신암지구,서생면사무소주차장    ,해맞이로 894 (신암리 245-2),129.32638,35.349927,400,250,공터,-,17,31710,052-229-8213
678,울산광역시,울주군,신암지구,신암회관마당       ,해맞이로 877 (신암리 454),129.323327,35.349226,100,300,공터,-,12,31710,052-229-8213
679,울산광역시,울주군,신암지구,소망교회주차장      ,신리길 97 (신암리 324),129.31993,35.345133,100,300,공터,-,17,31710,052-229-8213
680,울산광역시,울주군,대송송정지구,송정회관마당       ,해맞이로 1326 (대송리 335-6),129.353423,35.36631,50,300,공터,-,23,31710,052-229-8213
681,울산광역시,울주군,대송송정지구,대송학생야영장운동장   ,간절곶1길 15 (대송리 195),129.357535,35.35941,100,350,학교운동장,-,23,31710,052-229-8213
682,울산광역시,울주군,평동지구,평동회관마당       ,평동길 14 (대송리 77-2),129.353348,35.356844,50,210,공터,-,12,31710,052-229-8213
683,울산광역시,울주군,평동지구,평동어촌계회관마당    ,평동2길 9 (대송리 67-2),129.353246,35.356335,120,120,공터,-,10,31710,052-229-8213
684,울산광역시,울주군,진하지구,진하회관          ,나루터길 29 (진하리 255),129.342526,35.386721,100,580,공터,-,6,31710,052-229-8213
685,울산광역시,울주군,진하지구,성동초등학교       ,진하길 7 (서생리 387),129.341763,35.385667,500,520,공공건축물,1등급,9,31710,052-229-8213
686,울산광역시,울주군,나사지구,호소공원버스정류장    ,나사리 산15-6,129.343412,35.356941,200,200,도로변,-,13,31710,052-229-8213
687,울산광역시,울주군,나사지구,서생중학교운동장     ,당물길 1 (신암리 8-1),129.331214,35.350706,300,350,학교운동장,-,15,31710,052-229-8213
688,울산광역시,울주군,강양지구,만포횟집마당       ,강양길 143 (강양리 91-1),129.347249,35.391295,50,200,공터,-,16,31710,052-229-8213
689,울산광역시,울주군,강양지구,야산(공터)        ,강양길 97-15 (강양리 161),129.345329,35.393715,150,210,공터,-,9,31710,052-229-8213
690,강원도,강릉시,경포지구,경포현대호텔,강원도 강릉시강문동 274-1,128.91526,37.79807,700,100,민간건축물,1등급,25.8,42150,033-640-5524
691,강원도,삼척시,증산지구,이사부공원공터      ,수로부인길 333(증산동 1번지),129.159032,37.475559,200,344,공터,-,32,42230,033-570-3887
692,강원도,삼척시,증산지구,심심사앞공터       ,수로부인길 302(증산동 산48번지),129.161064,37.473001,50,164,공터,-,20,42230,033-570-3887
693,강원도,삼척시,후진지구,삼척요양원앞공터     ,뒷나루길 231(교동 394-1번지),129.174477,37.462101,150,575,공터,-,37,42230,033-570-3887
694,강원도,삼척시,후진지구,삼척MBC앞공터     ,새천년도로 629-59(갈천동 111번지),129.163119,37.463388,150,261,공터,-,30,42230,033-570-3887
695,강원도,삼척시,정라지구,조각공원뒷산       ,새천년도로 333(교동 85-2번지),129.184913,37.456707,100,247,공터,-,27,42230,033-570-3887
696,강원도,삼척시,정라지구,정라마을회관뒤공터    ,정하동 28-1,129.187489,37.442234,100,548,공터,-,76,42230,033-570-3887
697,강원도,삼척시,정라지구,척추동해비        ,정상동 새천년도로 16(정상동 82-1번지),129.184482,37.435591,100,508,공터,-,34,42230,033-570-3887
698,강원도,삼척시,정라지구,감로사앞공터       ,영진안길 3(정상동 3-1번지),129.183813,37.440605,100,368,공터,-,38,42230,033-570-3887
699,강원도,삼척시,오분지구,남초교뒷산        ,동해대로 3791-48(오분동 164-2번지),129.186839,37.425834,80,480,공터,-,41,42230,033-570-3887
700,강원도,삼척시,오분지구,오분마을회관뒤공터    ,오분3길 16(오분동 212번지),129.189984,37.427576,90,460,공터,-,32,42230,033-570-3887
701,강원도,삼척시,오분지구,오분파출소뒷편      ,오분1길 72-56(오분동 228-2번지),129.18862,37.43055,80,257,공터,-,39,42230,033-570-3887
702,강원도,삼척시,상맹방2지구,맹방초등학교       ,삼척로 3884-3(상맹방리 171-1번지),129.213268,37.398739,200,423,학교운동장,-,15,42230,033-570-3887
703,강원도,삼척시,하맹방지구,관덕정공터        ,미근로 1772-13(교가리 692-2번지),129.22361,37.380033,300,830,공터,-,38,42230,033-570-3887
704,강원도,삼척시,덕산지구,노인요양원앞공터     ,덕산해안로 134-52(덕산리 40-1번지),129.246983,37.378565,100,1150,공터,-,54,42230,033-570-3887
705,강원도,삼척시,덕산지구,솔바람민박앞공터     ,덕산해안로 66-18(덕산리 265번지),129.242343,37.381134,150,800,공터,-,19,42230,033-570-3887
706,강원도,삼척시,궁촌지구,공양왕릉          ,궁촌리 178번지,129.266356,37.326132,100,536,공터,-,55,42230,033-570-3887
707,강원도,삼척시,궁촌지구,궁촌침례교회앞공터    ,궁촌길 40(궁촌리 393-1번지),129.265109,37.321346,100,398,공터,-,32,42230,033-570-3887
708,강원도,삼척시,궁촌지구,금메달주유소뒷산     ,매원리 35-4번지,129.2714,37.316661,100,650,공터,-,43,42230,033-570-3887
709,강원도,삼척시,초곡지구,황영조기념관앞공터    ,초곡길 176(초곡리 64번지),129.294732,37.307363,200,463,공터,-,30,42230,033-570-3887
710,강원도,삼척시,초곡지구,초곡마을입구공터     ,초곡리 406-11번지,129.28484,37.310744,100,450,공터,-,16,42230,033-570-3887
711,강원도,삼척시,용화지구,성황당옆대로       ,용화리 298-1번지,129.298198,37.28868,100,615,도로변,-,31,42230,033-570-3887
712,강원도,삼척시,용화지구,장호용화랜드앞공터    ,삼척로 2154(장호리 321-8번지),129.308598,37.286883,200,548,공터,-,39,42230,033-570-3887
713,강원도,삼척시,용화지구,해망정공터        ,용화리 192-2,129.303243,37.288741,100,175,공터,-,37,42230,033-570-3887
714,강원도,삼척시,장호지구,장호중학교뒤공터     ,삼척로 2101(장호리 201번지),129.311543,37.283881,200,608,공터,-,30,42230,033-570-3887
715,강원도,삼척시,장호지구,장호마을주차장    ,장호항길 31(장호리 54-7번지),129.31871,37.285176,150,511,공터,-,25,42230,033-570-3887
716,강원도,삼척시,갈남지구,갈남전망대        ,갈남리 104-24번지,129.322872,37.281137,100,385,도로변,-,32,42230,033-570-3887
717,강원도,삼척시,갈남지구,갈남마을회관뒤공터    ,갈남길 110(갈남리 13-2번지),129.324638,37.279115,100,391,공터,-,30,42230,033-570-3887
718,강원도,삼척시,신남지구,어촌민속전시관공원내   ,삼척로 1852-6(갈남리 301번지),129.327223,37.268046,100,351,공터,-,35,42230,033-570-3887
719,강원도,삼척시,임원지구,남화산공원        ,임원리 44번지,129.347406,37.23137,100,835,공터,-,60,42230,033-570-3887
720,강원도,삼척시,임원지구,임원국도옆공터      ,삼척로 1191-6(임원리 166-3번지),129.341681,37.230739,100,435,공터,-,45,42230,033-570-3887
721,강원도,삼척시,임원지구,임원마을회관옆공터    ,임원중앙로 11-31(임원리 88번지),129.345538,37.233887,150,335,공터,-,35,42230,033-570-3887
722,강원도,삼척시,노실지구,노실분교운동장      ,노곡리 노실길 81-21(142-2번지),129.341632,37.202365,200,326,학교운동장,-,25,42230,033-570-3887
723,강원도,삼척시,작진지구,작진마을진입공터     ,노곡리 473-1,129.33717,37.19627,200,287,공터,-,30,42230,033-570-3887
724,강원도,삼척시,호산지구,호산파출소뒤공터     ,호산리 277,129.338454,37.174945,325,300,공터,-,20,42230,033-570-3887
725,강원도,삼척시,월천지구,마을공터          ,월천리 고포월천길 257(106번지),129.355459,37.156619,200,377,공터,-,41,42230,033-570-3887
726,경상북도,영덕군,병곡지구,마을 뒤 도로(국도변 철암산입구),병곡면 병곡리 468,129.405981,36.603526,300,500,공터,-,52,47770,054-730-6521
727,울산광역시,남구,장생포해안지구,울산항만공사          ,장생포 고래로 271(매담동 180),129.382843,35.504897,100,100,공공건축물,특등급,14,31140,052-225-5325
